OTU,domain,dconf,phylum,pconf,class,cconf,order,oconf,family,fconf,genus,gconf
Otu9,Bacteria,1.0000,Bacteroidetes,1.0000,Bacteroidia,0.9600,Bacteroidales,0.9600,Dysgonomonadaceae,0.5200,Dysgonomonas,0.5200
Otu10,Bacteria,1.0000,Bacteroidetes,1.0000,Bacteroidia,0.9800,Bacteroidales,0.9800,Muribaculaceae,0.4900,Duncaniella,0.4900
Otu3,Bacteria,1.0000,Bacteroidetes,1.0000,Bacteroidia,1.0000,Bacteroidales,1.0000,Muribaculaceae,0.9700,Paramuribaculum,0.9700
Otu6,Bacteria,1.0000,Bacteroidetes,1.0000,Bacteroidia,1.0000,Bacteroidales,1.0000,Porphyromonadaceae,0.6100,Porphyromonas,0.4400
Otu2,Bacteria,1.0000,Bacteroidetes,1.0000,Bacteroidia,1.0000,Bacteroidales,1.0000,Muribaculaceae,0.9900,Duncaniella,0.9900
Otu4,Bacteria,1.0000,Bacteroidetes,1.0000,Bacteroidia,0.9700,Bacteroidales,0.9700,Porphyromonadaceae,0.4400,Porphyromonas,0.3400
Otu8,Bacteria,1.0000,Verrucomicrobia,1.0000,Verrucomicrobiae,1.0000,Verrucomicrobiales,1.0000,Akkermansiaceae,1.0000,Akkermansia,1.0000
Otu7,Bacteria,1.0000,Firmicutes,1.0000,Erysipelotrichia,1.0000,Erysipelotrichales,1.0000,Erysipelotrichaceae,1.0000,Faecalibaculum,0.9900
Otu5,Bacteria,1.0000,Firmicutes,1.0000,Erysipelotrichia,0.5300,Erysipelotrichales,0.5300,Erysipelotrichaceae,0.5300,Turicibacter,0.5100
Otu1,Bacteria,1.0000,Firmicutes,1.0000,Bacilli,1.0000,Lactobacillales,1.0000,Lactobacillaceae,1.0000,Lactobacillus,0.9900
Otu11,Bacteria,1.0000,Bacteroidetes,1.0000,Bacteroidia,1.0000,Bacteroidales,1.0000,Muribaculaceae,0.9800,Muribaculum,0.9800
Otu12,Bacteria,1.0000,Firmicutes,0.6500,Clostridia,0.6500,Clostridiales,0.6500,Lachnospiraceae,0.3400,Spiroplasma,0.1900
Otu18,Bacteria,1.0000,Bacteroidetes,1.0000,Bacteroidia,1.0000,Bacteroidales,1.0000,Prevotellaceae,1.0000,Prevotella,1.0000
Otu16,Bacteria,1.0000,Bacteroidetes,1.0000,Bacteroidia,1.0000,Bacteroidales,1.0000,Muribaculaceae,0.9900,Duncaniella,0.9900
Otu13,Bacteria,1.0000,Bacteroidetes,1.0000,Bacteroidia,0.9900,Bacteroidales,0.9900,Muribaculaceae,0.3500,Muribaculum,0.1800
Otu14,Bacteria,1.0000,Bacteroidetes,1.0000,Bacteroidia,0.9100,Bacteroidales,0.9100,Dysgonomonadaceae,0.5100,Dysgonomonas,0.5100
Otu17,Bacteria,1.0000,Firmicutes,1.0000,Clostridia,1.0000,Clostridiales,1.0000,Ruminococcaceae,0.9700,Harryflintia,0.4800
Otu20,Bacteria,1.0000,Firmicutes,0.9400,Clostridia,0.9400,Clostridiales,0.9400,Ruminococcaceae,0.9400,Sporobacter,0.4400
Otu19,Bacteria,1.0000,Bacteroidetes,1.0000,Bacteroidia,0.8800,Bacteroidales,0.8800,Dysgonomonadaceae,0.2300,Dysgonomonas,0.2300
Otu15,Bacteria,1.0000,Firmicutes,1.0000,Bacilli,1.0000,Lactobacillales,1.0000,Lactobacillaceae,1.0000,Lactobacillus,0.9900
Otu21,Bacteria,1.0000,Bacteroidetes,1.0000,Bacteroidia,0.9900,Bacteroidales,0.9900,Porphyromonadaceae,0.6600,Porphyromonas,0.6600
Otu25,Bacteria,1.0000,Bacteroidetes,1.0000,Bacteroidia,1.0000,Bacteroidales,1.0000,Dysgonomonadaceae,0.7500,Dysgonomonas,0.7500
Otu23,Bacteria,1.0000,Firmicutes,1.0000,Clostridia,1.0000,Clostridiales,1.0000,Ruminococcaceae,1.0000,Tepidibaculum,0.9700
Otu26,Bacteria,1.0000,Tenericutes,0.5200,Mollicutes,0.5200,Acholeplasmatales,0.5100,Acholeplasmataceae,0.5100,Acholeplasma,0.5100
Otu27,Bacteria,1.0000,Firmicutes,1.0000,Clostridia,1.0000,Clostridiales,1.0000,Lachnospiraceae,1.0000,Lachnospiracea_incertae_sedis,0.3100
Otu22,Bacteria,1.0000,Firmicutes,1.0000,Clostridia,1.0000,Clostridiales,1.0000,Clostridiaceae_1,1.0000,Clostridium_sensu_stricto,1.0000
Otu24,Bacteria,1.0000,Firmicutes,1.0000,Bacilli,1.0000,Lactobacillales,1.0000,Lactobacillaceae,1.0000,Ligilactobacillus,1.0000
Otu28,Bacteria,1.0000,Bacteroidetes,1.0000,Bacteroidia,0.9900,Bacteroidales,0.9900,Dysgonomonadaceae,0.8300,Dysgonomonas,0.8200
Otu29,Bacteria,1.0000,Bacteroidetes,1.0000,Bacteroidia,0.9800,Bacteroidales,0.9800,Porphyromonadaceae,0.6900,Porphyromonas,0.6900
Otu30,Bacteria,1.0000,Firmicutes,1.0000,Clostridia,1.0000,Clostridiales,1.0000,Lachnospiraceae,0.9800,Enterocloster,0.5300
Otu31,Bacteria,1.0000,Bacteroidetes,1.0000,Bacteroidia,1.0000,Bacteroidales,1.0000,Muribaculaceae,0.6900,Duncaniella,0.6900
Otu33,Bacteria,1.0000,Firmicutes,0.9900,Clostridia,0.9900,Clostridiales,0.9900,Lachnospiraceae,0.9700,Howardella,0.2600
Otu32,Bacteria,1.0000,Bacteroidetes,1.0000,Bacteroidia,0.9900,Bacteroidales,0.9900,Bacteroidaceae,0.9900,Bacteroides,0.9900
Otu35,Bacteria,1.0000,Firmicutes,0.5100,Clostridia,0.4400,Clostridiales,0.4200,Lachnospiraceae,0.2500,Acholeplasma,0.1900
Otu34,Bacteria,1.0000,Firmicutes,1.0000,Clostridia,0.9900,Clostridiales,0.9900,Eubacteriaceae,0.5600,Eubacterium,0.5600
Otu37,Bacteria,1.0000,Bacteroidetes,1.0000,Bacteroidia,1.0000,Bacteroidales,1.0000,Bacteroidaceae,1.0000,Bacteroides,1.0000
Otu39,Bacteria,1.0000,Bacteroidetes,1.0000,Bacteroidia,0.9600,Bacteroidales,0.9600,Muribaculaceae,0.6800,Muribaculum,0.6700
Otu40,Bacteria,1.0000,Firmicutes,0.6100,Clostridia,0.6100,Clostridiales,0.5300,Lachnospiraceae,0.4100,Anaerostipes,0.2400
Otu38,Bacteria,1.0000,Bacteroidetes,1.0000,Bacteroidia,0.8800,Bacteroidales,0.8800,Porphyromonadaceae,0.3700,Dysgonomonas,0.3400
Otu36,Bacteria,1.0000,Firmicutes,1.0000,Bacilli,1.0000,Lactobacillales,1.0000,Lactobacillaceae,1.0000,Limosilactobacillus,1.0000
Otu43,Bacteria,1.0000,Firmicutes,1.0000,Clostridia,1.0000,Clostridiales,1.0000,Lachnospiraceae,1.0000,Eisenbergiella,0.8600
Otu42,Bacteria,1.0000,Firmicutes,1.0000,Clostridia,1.0000,Clostridiales,1.0000,Lachnospiraceae,1.0000,Coprococcus,0.2600
Otu45,Bacteria,1.0000,Firmicutes,1.0000,Clostridia,1.0000,Clostridiales,1.0000,Lachnospiraceae,0.6900,Enterocloster,0.3400
Otu41,Bacteria,1.0000,Firmicutes,0.5500,Clostridia,0.5300,Clostridiales,0.5300,Clostridiaceae_1,0.5100,Clostridium_sensu_stricto,0.5100
Otu44,Bacteria,1.0000,Firmicutes,1.0000,Clostridia,1.0000,Clostridiales,1.0000,Lachnospiraceae,1.0000,Hespellia,0.7500
Otu47,Bacteria,1.0000,Firmicutes,1.0000,Clostridia,1.0000,Clostridiales,1.0000,Lachnospiraceae,1.0000,Butyrivibrio,0.2600
Otu46,Bacteria,1.0000,Firmicutes,0.7500,Clostridia,0.6600,Clostridiales,0.5900,Lachnospiraceae,0.2800,Anaerostipes,0.1800
Otu49,Bacteria,1.0000,Firmicutes,1.0000,Clostridia,1.0000,Clostridiales,1.0000,Lachnospiraceae,0.9600,Anaerotignum,0.9400
Otu48,Bacteria,1.0000,Firmicutes,0.9800,Clostridia,0.9800,Clostridiales,0.9600,Ruminococcaceae,0.9600,Ruminococcus,0.8500
Otu50,Bacteria,1.0000,Firmicutes,0.6400,Clostridia,0.6400,Clostridiales,0.6400,Ruminococcaceae,0.4000,Agathobaculum,0.2700
Otu53,Bacteria,1.0000,Firmicutes,1.0000,Clostridia,1.0000,Clostridiales,1.0000,Lachnospiraceae,1.0000,Syntrophococcus,0.3300
Otu51,Bacteria,1.0000,Firmicutes,0.5300,Clostridia,0.4700,Clostridiales,0.4500,Lachnospiraceae,0.3100,Acholeplasma,0.2100
Otu52,Bacteria,1.0000,Bacteroidetes,1.0000,Bacteroidia,0.9800,Bacteroidales,0.9800,Dysgonomonadaceae,0.5000,Dysgonomonas,0.5000
Otu54,Bacteria,1.0000,Firmicutes,1.0000,Clostridia,1.0000,Clostridiales,1.0000,Lachnospiraceae,1.0000,Acetatifactor,0.8900
Otu56,Bacteria,1.0000,Firmicutes,0.6800,Clostridia,0.6800,Clostridiales,0.6800,Ruminococcaceae,0.3300,Agathobaculum,0.1800
Otu55,Bacteria,1.0000,Actinobacteria,1.0000,Coriobacteriia,1.0000,Eggerthellales,1.0000,Eggerthellaceae,1.0000,Adlercreutzia,1.0000
Otu58,Bacteria,1.0000,Bacteroidetes,1.0000,Bacteroidia,0.9700,Bacteroidales,0.9700,Barnesiellaceae,0.6300,Barnesiella,0.6300
Otu59,Bacteria,1.0000,Firmicutes,0.7900,Clostridia,0.7900,Clostridiales,0.7900,Ruminococcaceae,0.7900,Papillibacter,0.7000
Otu60,Bacteria,1.0000,Firmicutes,0.9900,Clostridia,0.9900,Clostridiales,0.9900,Lachnospiraceae,0.9500,Clostridium_XlVb,0.4900
Otu57,Bacteria,1.0000,Actinobacteria,1.0000,Actinobacteria,1.0000,Bifidobacteriales,1.0000,Bifidobacteriaceae,1.0000,Bifidobacterium,1.0000
Otu63,Bacteria,1.0000,Firmicutes,0.9900,Clostridia,0.9900,Clostridiales,0.9900,Lachnospiraceae,0.9900,Clostridium_XlVa,0.8800
Otu62,Bacteria,1.0000,Tenericutes,0.5400,Mollicutes,0.5400,Acholeplasmatales,0.5300,Acholeplasmataceae,0.5300,Acholeplasma,0.5300
Otu61,Bacteria,1.0000,Firmicutes,0.5700,Clostridia,0.5700,Clostridiales,0.5700,Ruminococcaceae,0.3800,Agathobaculum,0.2700
Otu64,Bacteria,1.0000,Bacteroidetes,1.0000,Bacteroidia,0.9900,Bacteroidales,0.9900,Muribaculaceae,0.8900,Duncaniella,0.8600
Otu65,Bacteria,1.0000,Firmicutes,1.0000,Clostridia,1.0000,Clostridiales,1.0000,Lachnospiraceae,0.8700,Falcatimonas,0.2400
Otu66,Bacteria,1.0000,Bacteroidetes,1.0000,Bacteroidia,1.0000,Bacteroidales,1.0000,Marinilabiliaceae,0.4000,Dysgonomonas,0.3700
Otu68,Bacteria,1.0000,Tenericutes,0.6000,Mollicutes,0.6000,Acholeplasmatales,0.5900,Acholeplasmataceae,0.5900,Acholeplasma,0.5900
Otu70,Bacteria,1.0000,Firmicutes,1.0000,Clostridia,1.0000,Clostridiales,1.0000,Lachnospiraceae,1.0000,Enterocloster,0.9800
Otu67,Bacteria,1.0000,Actinobacteria,1.0000,Coriobacteriia,1.0000,Eggerthellales,1.0000,Eggerthellaceae,1.0000,Adlercreutzia,0.8500
Otu69,Bacteria,1.0000,Bacteroidetes,0.8700,Sphingobacteriia,0.4700,Sphingobacteriales,0.4700,Sphingobacteriaceae,0.4700,Pedobacter,0.2500
Otu71,Bacteria,1.0000,Firmicutes,1.0000,Clostridia,1.0000,Clostridiales,1.0000,Lachnospiraceae,1.0000,Shuttleworthia,0.6300
Otu73,Bacteria,1.0000,Firmicutes,1.0000,Clostridia,1.0000,Clostridiales,1.0000,Lachnospiraceae,1.0000,Faecalicatena,0.6800
Otu74,Bacteria,1.0000,Firmicutes,0.9900,Clostridia,0.9900,Clostridiales,0.9900,Ruminococcaceae,0.9700,Butyricicoccus,0.2100
Otu75,Bacteria,1.0000,Firmicutes,1.0000,Clostridia,1.0000,Clostridiales,1.0000,Lachnospiraceae,1.0000,Lachnobacterium,0.4100
Otu72,Bacteria,1.0000,Firmicutes,1.0000,Erysipelotrichia,1.0000,Erysipelotrichales,1.0000,Erysipelotrichaceae,1.0000,Clostridium_XVIII,1.0000
Otu76,Bacteria,1.0000,Firmicutes,0.8300,Clostridia,0.8300,Clostridiales,0.8300,Ruminococcaceae,0.8200,Papillibacter,0.7000
Otu77,Bacteria,1.0000,Bacteroidetes,1.0000,Bacteroidia,0.9900,Bacteroidales,0.9900,Prolixibacteraceae,0.4300,Mariniphaga,0.3600
Otu78,Bacteria,1.0000,Bacteroidetes,1.0000,Bacteroidia,0.9300,Bacteroidales,0.9300,Porphyromonadaceae,0.5600,Porphyromonas,0.5000
Otu80,Bacteria,1.0000,Tenericutes,0.6500,Mollicutes,0.6500,Acholeplasmatales,0.6400,Acholeplasmataceae,0.6400,Acholeplasma,0.6400
Otu79,Bacteria,1.0000,Firmicutes,0.7700,Bacilli,0.5500,Lactobacillales,0.5500,Lactobacillaceae,0.5500,Lacticaseibacillus,0.4700
Otu81,Bacteria,1.0000,Bacteroidetes,1.0000,Bacteroidia,0.9900,Bacteroidales,0.9900,Rikenellaceae,0.9900,Alistipes,0.9300
Otu82,Bacteria,1.0000,Firmicutes,1.0000,Clostridia,1.0000,Clostridiales,1.0000,Lachnospiraceae,1.0000,Blautia,0.5800
Otu84,Bacteria,1.0000,Firmicutes,1.0000,Clostridia,1.0000,Clostridiales,1.0000,Lachnospiraceae,0.8600,Roseburia,0.4200
Otu83,Bacteria,1.0000,Firmicutes,1.0000,Clostridia,1.0000,Clostridiales,1.0000,Lachnospiraceae,0.9700,Clostridium_XlVa,0.3100
Otu85,Bacteria,1.0000,Bacteroidetes,1.0000,Bacteroidia,1.0000,Bacteroidales,1.0000,Muribaculaceae,0.9900,Duncaniella,0.9900
Otu86,Bacteria,1.0000,Firmicutes,1.0000,Clostridia,1.0000,Clostridiales,1.0000,Ruminococcaceae,0.9900,Clostridium_IV,0.3600
Otu88,Bacteria,1.0000,Firmicutes,1.0000,Clostridia,1.0000,Clostridiales,1.0000,Lachnospiraceae,1.0000,Hespellia,0.8400
Otu87,Bacteria,1.0000,Actinobacteria,1.0000,Coriobacteriia,1.0000,Eggerthellales,1.0000,Eggerthellaceae,1.0000,Adlercreutzia,1.0000
Otu89,Bacteria,1.0000,Bacteroidetes,1.0000,Bacteroidia,0.9700,Bacteroidales,0.9700,Odoribacteraceae,0.7700,Odoribacter,0.7700
Otu91,Bacteria,1.0000,Firmicutes,0.9900,Clostridia,0.9900,Clostridiales,0.9900,Lachnospiraceae,0.9900,Marvinbryantia,0.9300
Otu90,Bacteria,1.0000,Firmicutes,1.0000,Clostridia,1.0000,Clostridiales,1.0000,Ruminococcaceae,0.9900,Ruminococcus,0.9900
Otu93,Bacteria,1.0000,Firmicutes,1.0000,Clostridia,1.0000,Clostridiales,1.0000,Lachnospiraceae,0.9900,Johnsonella,0.4700
Otu94,Bacteria,1.0000,Firmicutes,0.5900,Clostridia,0.5700,Clostridiales,0.5600,Lachnospiraceae,0.3400,Spiroplasma,0.1900
Otu95,Bacteria,1.0000,Bacteroidetes,1.0000,Bacteroidia,1.0000,Bacteroidales,1.0000,Dysgonomonadaceae,0.9400,Dysgonomonas,0.9400
Otu92,Bacteria,1.0000,Proteobacteria,0.9900,Deltaproteobacteria,0.9100,Desulfovibrionales,0.9100,Desulfovibrionaceae,0.8000,Desulfovibrio,0.8000
Otu96,Bacteria,1.0000,Firmicutes,1.0000,Clostridia,1.0000,Clostridiales,1.0000,Lachnospiraceae,0.9900,Enterocloster,0.5200
Otu98,Bacteria,1.0000,Bacteroidetes,1.0000,Bacteroidia,0.9000,Bacteroidales,0.9000,Dysgonomonadaceae,0.4300,Dysgonomonas,0.4300
Otu97,Bacteria,1.0000,Firmicutes,0.8700,Clostridia,0.8700,Clostridiales,0.7300,Peptococcaceae_2,0.3300,Christensenella,0.2600
Otu99,Bacteria,1.0000,Firmicutes,1.0000,Clostridia,1.0000,Clostridiales,1.0000,Ruminococcaceae,1.0000,Oscillibacter,0.8200
Otu100,Bacteria,1.0000,Firmicutes,1.0000,Clostridia,1.0000,Clostridiales,1.0000,Ruminococcaceae,1.0000,Ruminococcus,0.5500
Otu101,Bacteria,1.0000,Firmicutes,0.7800,Clostridia,0.6700,Clostridiales,0.6700,Lachnospiraceae,0.6000,Lachnobacterium,0.5800
Otu103,Bacteria,1.0000,Firmicutes,1.0000,Clostridia,1.0000,Clostridiales,1.0000,Lachnospiraceae,1.0000,Clostridium_XlVb,0.3700
Otu104,Bacteria,1.0000,Firmicutes,1.0000,Clostridia,1.0000,Clostridiales,1.0000,Lachnospiraceae,1.0000,Lacrimispora,0.4100
Otu102,Bacteria,1.0000,Firmicutes,1.0000,Erysipelotrichia,1.0000,Erysipelotrichales,1.0000,Erysipelotrichaceae,1.0000,Solobacterium,0.4200
Otu106,Bacteria,1.0000,Firmicutes,1.0000,Clostridia,1.0000,Clostridiales,1.0000,Lachnospiraceae,0.9600,Johnsonella,0.5100
Otu105,Bacteria,1.0000,Firmicutes,1.0000,Bacilli,1.0000,Bacillales,1.0000,Staphylococcaceae,1.0000,Jeotgalicoccus,1.0000
Otu107,Bacteria,1.0000,Firmicutes,1.0000,Clostridia,1.0000,Clostridiales,1.0000,Ruminococcaceae,1.0000,Clostridium_IV,0.5700
Otu108,Bacteria,1.0000,Firmicutes,0.9700,Clostridia,0.9700,Clostridiales,0.9700,Ruminococcaceae,0.9700,Intestinimonas,0.4400
Otu111,Bacteria,1.0000,Firmicutes,1.0000,Clostridia,1.0000,Clostridiales,1.0000,Lachnospiraceae,0.7200,Butyrivibrio,0.2900
Otu110,Bacteria,1.0000,Firmicutes,1.0000,Clostridia,1.0000,Clostridiales,1.0000,Lachnospiraceae,0.9400,Lachnobacterium,0.8200
Otu109,Bacteria,1.0000,Firmicutes,1.0000,Erysipelotrichia,1.0000,Erysipelotrichales,1.0000,Erysipelotrichaceae,1.0000,Clostridium_XVIII,0.8800
Otu113,Bacteria,1.0000,Firmicutes,0.9800,Clostridia,0.9800,Clostridiales,0.9800,Ruminococcaceae,0.4100,Intestinibacillus,0.2400
Otu112,Bacteria,1.0000,Firmicutes,1.0000,Clostridia,1.0000,Clostridiales,1.0000,Lachnospiraceae,0.9900,Enterocloster,0.4900
Otu114,Bacteria,1.0000,Bacteroidetes,1.0000,Bacteroidia,1.0000,Bacteroidales,1.0000,Muribaculaceae,0.6000,Duncaniella,0.5800
Otu115,Bacteria,1.0000,Firmicutes,1.0000,Clostridia,1.0000,Clostridiales,1.0000,Lachnospiraceae,1.0000,Syntrophococcus,0.8300
Otu118,Bacteria,1.0000,Firmicutes,1.0000,Clostridia,1.0000,Clostridiales,1.0000,Lachnospiraceae,0.9600,Blautia,0.7500
Otu116,Bacteria,1.0000,Actinobacteria,1.0000,Coriobacteriia,1.0000,Eggerthellales,0.9400,Eggerthellaceae,0.9400,Slackia,0.4400
Otu117,Bacteria,1.0000,Firmicutes,1.0000,Clostridia,1.0000,Clostridiales,1.0000,Ruminococcaceae,1.0000,Anaerotruncus,0.8600
Otu119,Bacteria,1.0000,Bacteroidetes,1.0000,Bacteroidia,0.8700,Bacteroidales,0.8700,Rikenellaceae,0.7100,Alistipes,0.6000
Otu122,Bacteria,1.0000,Firmicutes,1.0000,Clostridia,1.0000,Clostridiales,1.0000,Lachnospiraceae,1.0000,Faecalicatena,0.6600
Otu123,Bacteria,1.0000,Firmicutes,0.6700,Clostridia,0.6600,Clostridiales,0.6600,Lachnospiraceae,0.5400,Cellulosilyticum,0.5000
Otu120,Bacteria,1.0000,Firmicutes,0.8000,Clostridia,0.6900,Clostridiales,0.6900,Lachnospiraceae,0.6000,Lachnobacterium,0.5300
Otu121,Bacteria,1.0000,Proteobacteria,1.0000,Gammaproteobacteria,0.5600,Desulfovibrionales,0.2700,Desulfovibrionaceae,0.2700,Desulfovibrio,0.2700
Otu124,Bacteria,1.0000,Bacteroidetes,1.0000,Bacteroidia,0.7800,Bacteroidales,0.7800,Dysgonomonadaceae,0.4800,Dysgonomonas,0.4800
Otu125,Bacteria,1.0000,Bacteroidetes,1.0000,Bacteroidia,0.8900,Bacteroidales,0.8900,Dysgonomonadaceae,0.7000,Dysgonomonas,0.7000
Otu126,Bacteria,1.0000,Bacteroidetes,1.0000,Bacteroidia,0.8400,Bacteroidales,0.8400,Rikenellaceae,0.8400,Alistipes,0.8400
Otu127,Bacteria,1.0000,Firmicutes,1.0000,Clostridia,1.0000,Clostridiales,1.0000,Ruminococcaceae,0.9900,Acetivibrio,0.4100
Otu128,Bacteria,1.0000,Firmicutes,1.0000,Clostridia,1.0000,Clostridiales,1.0000,Ruminococcaceae,1.0000,Pseudoflavonifractor,0.5600
Otu129,Bacteria,1.0000,Firmicutes,1.0000,Clostridia,1.0000,Clostridiales,1.0000,Lachnospiraceae,1.0000,Schaedlerella,0.9900
Otu132,Bacteria,1.0000,Firmicutes,1.0000,Clostridia,1.0000,Clostridiales,1.0000,Lachnospiraceae,1.0000,Muricomes,0.4900
Otu131,Bacteria,1.0000,Firmicutes,1.0000,Clostridia,1.0000,Clostridiales,1.0000,Lachnospiraceae,1.0000,Clostridium_XlVa,0.7800
Otu130,Bacteria,1.0000,Firmicutes,0.8900,Clostridia,0.8900,Clostridiales,0.8800,Lachnospiraceae,0.4100,Anaerosalibacter,0.3600
Otu135,Bacteria,1.0000,Firmicutes,1.0000,Clostridia,1.0000,Clostridiales,1.0000,Lachnospiraceae,1.0000,Blautia,0.6500
Otu134,Bacteria,1.0000,Firmicutes,0.9000,Erysipelotrichia,0.9000,Erysipelotrichales,0.9000,Erysipelotrichaceae,0.9000,Sharpea,0.5300
Otu133,Bacteria,1.0000,Proteobacteria,1.0000,Betaproteobacteria,0.9800,Burkholderiales,0.9200,Sutterellaceae,0.9000,Turicimonas,0.7800
Otu136,Bacteria,1.0000,Firmicutes,1.0000,Clostridia,1.0000,Clostridiales,1.0000,Lachnospiraceae,1.0000,Johnsonella,0.6000
Otu137,Bacteria,1.0000,Firmicutes,1.0000,Clostridia,1.0000,Clostridiales,1.0000,Ruminococcaceae,1.0000,Oscillibacter,0.8400
Otu138,Bacteria,1.0000,Firmicutes,1.0000,Clostridia,1.0000,Clostridiales,1.0000,Lachnospiraceae,1.0000,Lacrimispora,0.9000
Otu139,Bacteria,1.0000,Firmicutes,1.0000,Clostridia,1.0000,Clostridiales,1.0000,Lachnospiraceae,0.9600,Johnsonella,0.7200
Otu140,Bacteria,1.0000,Firmicutes,1.0000,Clostridia,1.0000,Clostridiales,1.0000,Lachnospiraceae,1.0000,Blautia,0.8000
Otu141,Bacteria,1.0000,Firmicutes,1.0000,Erysipelotrichia,1.0000,Erysipelotrichales,1.0000,Erysipelotrichaceae,1.0000,Sharpea,0.6000
Otu142,Bacteria,1.0000,Proteobacteria,1.0000,Betaproteobacteria,1.0000,Burkholderiales,1.0000,Sutterellaceae,1.0000,Turicimonas,1.0000
Otu144,Bacteria,1.0000,Firmicutes,1.0000,Clostridia,1.0000,Clostridiales,1.0000,Lachnospiraceae,1.0000,Clostridium_XlVa,0.8100
Otu145,Bacteria,1.0000,Firmicutes,1.0000,Clostridia,1.0000,Clostridiales,1.0000,Eubacteriaceae,1.0000,Intestinibacillus,1.0000
Otu143,Bacteria,1.0000,Firmicutes,0.8000,Clostridia,0.8000,Clostridiales,0.8000,Lachnospiraceae,0.7700,Cellulosilyticum,0.7700
Otu147,Bacteria,1.0000,Firmicutes,1.0000,Clostridia,1.0000,Clostridiales,1.0000,Lachnospiraceae,1.0000,Enterocloster,0.6800
Otu148,Bacteria,1.0000,Firmicutes,1.0000,Clostridia,1.0000,Clostridiales,1.0000,Lachnospiraceae,1.0000,Roseburia,0.9800
Otu146,Bacteria,1.0000,Firmicutes,1.0000,Clostridia,1.0000,Clostridiales,1.0000,Ruminococcaceae,1.0000,Ruminococcus,1.0000
Otu149,Bacteria,1.0000,Firmicutes,1.0000,Clostridia,1.0000,Clostridiales,0.9900,Ruminococcaceae,0.9900,Monoglobus,0.8200
Otu150,Bacteria,1.0000,Firmicutes,0.3000,Thermotogae,0.2800,Thermotogales,0.2600,Thermotogaceae,0.1500,Cerasicoccus,0.1200
Otu151,Bacteria,1.0000,Firmicutes,0.9800,Clostridia,0.9800,Clostridiales,0.9800,Ruminococcaceae,0.8900,Acetivibrio,0.7500
Otu153,Bacteria,1.0000,Firmicutes,1.0000,Clostridia,1.0000,Clostridiales,1.0000,Ruminococcaceae,1.0000,Dysosmobacter,0.8000
Otu152,Bacteria,1.0000,Tenericutes,0.5000,Mollicutes,0.5000,Acholeplasmatales,0.5000,Acholeplasmataceae,0.5000,Acholeplasma,0.5000
Otu155,Bacteria,1.0000,Firmicutes,0.5700,Clostridia,0.5700,Clostridiales,0.5700,Ruminococcaceae,0.3500,Spiroplasma,0.2400
Otu154,Bacteria,1.0000,Firmicutes,1.0000,Clostridia,1.0000,Clostridiales,1.0000,Ruminococcaceae,1.0000,Colidextribacter,0.6500
Otu157,Bacteria,1.0000,Firmicutes,1.0000,Clostridia,1.0000,Clostridiales,1.0000,Lachnospiraceae,0.9900,Acetitomaculum,0.2500
Otu156,Bacteria,1.0000,Firmicutes,1.0000,Clostridia,1.0000,Clostridiales,1.0000,Ruminococcaceae,1.0000,Flavonifractor,0.3600
Otu158,Bacteria,1.0000,Firmicutes,1.0000,Clostridia,1.0000,Clostridiales,1.0000,Ruminococcaceae,1.0000,Lawsonibacter,0.7900
Otu159,Bacteria,1.0000,Firmicutes,0.9900,Clostridia,0.9900,Clostridiales,0.9900,Ruminococcaceae,0.9900,Intestinimonas,0.9500
Otu160,Bacteria,1.0000,Firmicutes,1.0000,Clostridia,1.0000,Clostridiales,1.0000,Lachnospiraceae,0.9800,Enterocloster,0.3400
Otu161,Bacteria,1.0000,Firmicutes,1.0000,Clostridia,1.0000,Clostridiales,1.0000,Ruminococcaceae,1.0000,Flintibacter,0.9900
Otu165,Bacteria,1.0000,Firmicutes,1.0000,Clostridia,1.0000,Clostridiales,1.0000,Lachnospiraceae,1.0000,Hespellia,0.4500
Otu164,Bacteria,1.0000,Firmicutes,1.0000,Clostridia,1.0000,Clostridiales,1.0000,Lachnospiraceae,1.0000,Faecalimonas,0.7600
Otu162,Bacteria,1.0000,Firmicutes,1.0000,Clostridia,1.0000,Clostridiales,1.0000,Ruminococcaceae,1.0000,Oscillibacter,0.7600
Otu163,Bacteria,1.0000,Actinobacteria,1.0000,Coriobacteriia,1.0000,Eggerthellales,1.0000,Eggerthellaceae,1.0000,Adlercreutzia,1.0000
Otu166,Bacteria,1.0000,Tenericutes,0.5100,Mollicutes,0.5100,Acholeplasmatales,0.5100,Acholeplasmataceae,0.5100,Acholeplasma,0.5100
Otu170,Bacteria,1.0000,Firmicutes,1.0000,Clostridia,1.0000,Clostridiales,1.0000,Lachnospiraceae,1.0000,Clostridium_XlVa,0.8600
Otu169,Bacteria,1.0000,Firmicutes,1.0000,Clostridia,1.0000,Clostridiales,1.0000,Lachnospiraceae,1.0000,Faecalicatena,0.9100
Otu168,Bacteria,1.0000,Firmicutes,0.6400,Clostridia,0.6400,Clostridiales,0.6400,Ruminococcaceae,0.6400,Papillibacter,0.5500
Otu167,Bacteria,1.0000,Firmicutes,0.7900,Clostridia,0.6900,Clostridiales,0.6900,Lachnospiraceae,0.6100,Enterocloster,0.3300
Otu171,Bacteria,1.0000,Firmicutes,1.0000,Clostridia,1.0000,Clostridiales,1.0000,Lachnospiraceae,0.9900,Acetatifactor,0.4700
Otu172,Bacteria,1.0000,Firmicutes,1.0000,Clostridia,1.0000,Clostridiales,1.0000,Lachnospiraceae,0.8400,Enterocloster,0.3000
Otu175,Bacteria,1.0000,Bacteroidetes,1.0000,Bacteroidia,0.7000,Bacteroidales,0.7000,Porphyromonadaceae,0.4200,Parabacteroides,0.3000
Otu173,Bacteria,1.0000,Deferribacteres,1.0000,Deferribacteres,1.0000,Deferribacterales,1.0000,Deferribacteraceae,1.0000,Mucispirillum,1.0000
Otu174,Bacteria,1.0000,Firmicutes,0.9900,Clostridia,0.9000,Clostridiales,0.9000,Clostridiales_Incertae_Sedis_XIII,0.6000,Mogibacterium,0.3700
Otu176,Bacteria,1.0000,Bacteroidetes,1.0000,Bacteroidia,0.9700,Bacteroidales,0.9700,Rikenellaceae,0.9700,Alistipes,0.9700
Otu178,Bacteria,1.0000,Firmicutes,0.7200,Clostridia,0.7000,Clostridiales,0.7000,Lachnospiraceae,0.6200,Cellulosilyticum,0.4900
Otu179,Bacteria,1.0000,Firmicutes,0.6600,Clostridia,0.6600,Clostridiales,0.6600,Ruminococcaceae,0.4000,Spiroplasma,0.2100
Otu177,Bacteria,1.0000,Firmicutes,0.7000,Clostridia,0.6200,Clostridiales,0.6200,Lachnospiraceae,0.4800,Lachnobacterium,0.3800
Otu180,Bacteria,1.0000,Firmicutes,0.8900,Clostridia,0.8900,Clostridiales,0.8900,Lachnospiraceae,0.6300,Shuttleworthia,0.6200
Otu181,Bacteria,1.0000,Firmicutes,1.0000,Clostridia,1.0000,Clostridiales,1.0000,Lachnospiraceae,1.0000,Blautia,0.4100
Otu182,Bacteria,1.0000,Firmicutes,0.9700,Clostridia,0.9600,Clostridiales,0.9600,Ruminococcaceae,0.9600,Intestinimonas,0.5100
Otu183,Bacteria,1.0000,Firmicutes,1.0000,Clostridia,1.0000,Clostridiales,1.0000,Lachnospiraceae,1.0000,Marvinbryantia,0.4600
Otu185,Bacteria,1.0000,Firmicutes,1.0000,Clostridia,1.0000,Clostridiales,1.0000,Lachnospiraceae,0.9400,Anaerostipes,0.5800
Otu184,Bacteria,1.0000,Firmicutes,0.7600,Clostridia,0.7100,Clostridiales,0.7100,Lachnospiraceae,0.6500,Clostridium_XlVa,0.5400
Otu186,Bacteria,1.0000,Firmicutes,0.7200,Clostridia,0.7200,Clostridiales,0.7200,Ruminococcaceae,0.3300,Spiroplasma,0.1400
Otu187,Bacteria,1.0000,Firmicutes,1.0000,Clostridia,0.9900,Clostridiales,0.9900,Lachnospiraceae,0.9900,Roseburia,0.5500
Otu188,Bacteria,1.0000,Firmicutes,1.0000,Clostridia,1.0000,Clostridiales,1.0000,Lachnospiraceae,1.0000,Muricomes,0.9900
Otu189,Bacteria,1.0000,Firmicutes,0.8300,Clostridia,0.8300,Clostridiales,0.8300,Lachnospiraceae,0.8000,Cellulosilyticum,0.7800
Otu191,Bacteria,1.0000,Firmicutes,0.6000,Clostridia,0.5900,Clostridiales,0.5900,Lachnospiraceae,0.3000,Cellulosilyticum,0.1800
Otu190,Bacteria,1.0000,Firmicutes,1.0000,Erysipelotrichia,1.0000,Erysipelotrichales,1.0000,Erysipelotrichaceae,1.0000,Longibaculum,0.4500
Otu192,Bacteria,1.0000,Firmicutes,0.8000,Clostridia,0.8000,Clostridiales,0.8000,Lachnospiraceae,0.7900,Enterocloster,0.4300
Otu193,Bacteria,1.0000,Firmicutes,0.8100,Clostridia,0.8100,Clostridiales,0.8100,Lachnospiraceae,0.7300,Cellulosilyticum,0.7300
Otu194,Bacteria,1.0000,Firmicutes,1.0000,Clostridia,1.0000,Clostridiales,1.0000,Lachnospiraceae,1.0000,Hespellia,0.3000
Otu195,Bacteria,1.0000,Firmicutes,0.9900,Clostridia,0.9900,Clostridiales,0.9900,Ruminococcaceae,0.9900,Flavonifractor,0.9500
Otu198,Bacteria,1.0000,Firmicutes,1.0000,Clostridia,1.0000,Clostridiales,1.0000,Lachnospiraceae,1.0000,Enterocloster,0.9800
Otu197,Bacteria,1.0000,Bacteroidetes,1.0000,Bacteroidia,0.7700,Bacteroidales,0.7700,Rikenellaceae,0.6400,Alistipes,0.6300
Otu196,Bacteria,1.0000,Actinobacteria,1.0000,Coriobacteriia,1.0000,Eggerthellales,0.9100,Eggerthellaceae,0.9100,Slackia,0.5700
Otu199,Bacteria,1.0000,Firmicutes,1.0000,Clostridia,1.0000,Clostridiales,1.0000,Ruminococcaceae,0.9500,Ruminococcus,0.2800
Otu200,Bacteria,1.0000,Firmicutes,1.0000,Clostridia,1.0000,Clostridiales,1.0000,Lachnospiraceae,0.9700,Johnsonella,0.9000
Otu201,Bacteria,1.0000,Firmicutes,0.9900,Clostridia,0.9900,Clostridiales,0.9900,Lachnospiraceae,0.8800,Anaerotignum,0.5700
Otu202,Bacteria,1.0000,Firmicutes,0.9900,Erysipelotrichia,0.8600,Erysipelotrichales,0.8600,Erysipelotrichaceae,0.8600,Allobaculum,0.6500
Otu203,Bacteria,1.0000,Bacteroidetes,0.9900,Bacteroidia,0.8000,Bacteroidales,0.8000,Odoribacteraceae,0.3800,Odoribacter,0.2200
Otu204,Bacteria,1.0000,Firmicutes,1.0000,Clostridia,1.0000,Clostridiales,1.0000,Lachnospiraceae,1.0000,Muricomes,0.9700
Otu205,Bacteria,1.0000,Firmicutes,0.5400,Clostridia,0.4700,Clostridiales,0.4600,Lachnospiraceae,0.3800,Anaerostipes,0.3000
Otu207,Bacteria,1.0000,Firmicutes,1.0000,Clostridia,1.0000,Clostridiales,1.0000,Lachnospiraceae,0.9200,Muricomes,0.6500
Otu208,Bacteria,1.0000,Firmicutes,1.0000,Clostridia,1.0000,Clostridiales,1.0000,Lachnospiraceae,1.0000,Schaedlerella,0.3900
Otu209,Bacteria,1.0000,Firmicutes,1.0000,Clostridia,1.0000,Clostridiales,1.0000,Ruminococcaceae,0.6500,Pseudoflavonifractor,0.3300
Otu210,Bacteria,1.0000,Firmicutes,0.9200,Clostridia,0.9200,Clostridiales,0.9200,Ruminococcaceae,0.8500,Colidextribacter,0.3000
Otu206,Bacteria,1.0000,Firmicutes,0.8000,Bacilli,0.6300,Bacillales,0.6300,Paenibacillaceae_1,0.5300,Paenibacillus,0.5300
Otu211,Bacteria,1.0000,Firmicutes,1.0000,Clostridia,1.0000,Clostridiales,1.0000,Lachnospiraceae,1.0000,Butyrivibrio,0.3800
Otu212,Bacteria,1.0000,Firmicutes,0.8100,Clostridia,0.8100,Clostridiales,0.8100,Lachnospiraceae,0.7900,Cellulosilyticum,0.7900
Otu214,Bacteria,1.0000,Bacteroidetes,1.0000,Bacteroidia,1.0000,Bacteroidales,1.0000,Porphyromonadaceae,1.0000,Parabacteroides,1.0000
Otu213,Bacteria,1.0000,Firmicutes,0.9900,Clostridia,0.9900,Clostridiales,0.9900,Lachnospiraceae,0.9900,Roseburia,0.9500
Otu215,Bacteria,1.0000,Firmicutes,0.9900,Clostridia,0.9900,Clostridiales,0.9900,Lachnospiraceae,0.9900,Lacrimispora,0.3900
Otu216,Bacteria,1.0000,Firmicutes,1.0000,Clostridia,1.0000,Clostridiales,1.0000,Lachnospiraceae,1.0000,Lachnobacterium,0.3600
Otu217,Bacteria,1.0000,Firmicutes,1.0000,Clostridia,0.9900,Clostridiales,0.9900,Lachnospiraceae,0.9900,Roseburia,0.5500
Otu218,Bacteria,1.0000,Firmicutes,1.0000,Clostridia,1.0000,Clostridiales,1.0000,Lachnospiraceae,1.0000,Lachnospiracea_incertae_sedis,1.0000
Otu221,Bacteria,1.0000,Firmicutes,1.0000,Clostridia,1.0000,Clostridiales,1.0000,Lachnospiraceae,1.0000,Lachnospira,0.1600
Otu219,Bacteria,1.0000,Firmicutes,1.0000,Clostridia,1.0000,Clostridiales,1.0000,Ruminococcaceae,0.9900,Neglecta,0.6300
Otu220,Bacteria,1.0000,Firmicutes,1.0000,Clostridia,1.0000,Clostridiales,0.9100,Ruminococcaceae,0.9100,Clostridium_IV,0.4000
Otu222,Bacteria,1.0000,Firmicutes,1.0000,Clostridia,1.0000,Clostridiales,1.0000,Ruminococcaceae,0.9800,Flavonifractor,0.9700
Otu223,Bacteria,1.0000,Firmicutes,1.0000,Clostridia,1.0000,Clostridiales,1.0000,Lachnospiraceae,0.9800,Butyrivibrio,0.3800
Otu226,Bacteria,1.0000,Firmicutes,1.0000,Clostridia,1.0000,Clostridiales,1.0000,Ruminococcaceae,1.0000,Intestinimonas,0.3500
Otu224,Bacteria,1.0000,Actinobacteria,1.0000,Coriobacteriia,1.0000,Coriobacteriales,0.5100,Coriobacteriaceae,0.5100,Adlercreutzia,0.4600
Otu227,Bacteria,1.0000,Firmicutes,1.0000,Clostridia,1.0000,Clostridiales,1.0000,Ruminococcaceae,1.0000,Flintibacter,0.9900
Otu225,Bacteria,1.0000,Firmicutes,0.7300,Clostridia,0.5500,Clostridiales,0.5500,Lachnospiraceae,0.3700,Dorea,0.2600
Otu228,Bacteria,1.0000,Firmicutes,1.0000,Clostridia,1.0000,Clostridiales,1.0000,Lachnospiraceae,1.0000,Enterocloster,0.9900
Otu230,Bacteria,1.0000,Firmicutes,1.0000,Clostridia,1.0000,Clostridiales,1.0000,Lachnospiraceae,1.0000,Clostridium_XlVa,0.9600
Otu229,Bacteria,1.0000,Firmicutes,1.0000,Clostridia,1.0000,Clostridiales,0.9100,Ruminococcaceae,0.9100,Anaerotruncus,0.3200
Otu231,Bacteria,1.0000,Firmicutes,1.0000,Clostridia,1.0000,Clostridiales,1.0000,Lachnospiraceae,0.8900,Johnsonella,0.3400
Otu232,Bacteria,1.0000,Firmicutes,1.0000,Clostridia,1.0000,Clostridiales,1.0000,Lachnospiraceae,1.0000,Coprococcus,0.6500
Otu235,Bacteria,1.0000,Firmicutes,0.9900,Clostridia,0.9900,Clostridiales,0.9900,Lachnospiraceae,0.9900,Roseburia,0.9000
Otu234,Bacteria,1.0000,Firmicutes,1.0000,Clostridia,1.0000,Clostridiales,1.0000,Lachnospiraceae,1.0000,Anaerosporobacter,0.5000
Otu233,Bacteria,1.0000,Firmicutes,1.0000,Clostridia,0.9900,Clostridiales,0.9900,Clostridiales_Incertae_Sedis_XIII,0.8000,Mogibacterium,0.7900
Otu236,Bacteria,1.0000,Firmicutes,1.0000,Clostridia,1.0000,Clostridiales,1.0000,Lachnospiraceae,0.9900,Clostridium_XlVa,0.8200
Otu237,Bacteria,1.0000,Firmicutes,1.0000,Clostridia,1.0000,Clostridiales,1.0000,Lachnospiraceae,1.0000,Hungatella,0.3100
Otu239,Bacteria,1.0000,Firmicutes,1.0000,Clostridia,1.0000,Clostridiales,1.0000,Lachnospiraceae,1.0000,Shuttleworthia,0.5300
Otu238,Bacteria,1.0000,Firmicutes,0.9900,Clostridia,0.9900,Clostridiales,0.9900,Ruminococcaceae,0.9900,Clostridium_IV,0.3900
Otu240,Bacteria,1.0000,Bacteroidetes,0.8600,Cytophagia,0.5200,Cytophagales,0.5200,Cytophagaceae,0.4700,Emticicia,0.4300
Otu242,Bacteria,1.0000,Firmicutes,0.6200,Clostridia,0.6000,Clostridiales,0.5200,Lachnospiraceae,0.2200,Anaeroplasma,0.2000
Otu241,Bacteria,1.0000,Firmicutes,0.9000,Clostridia,0.9000,Clostridiales,0.9000,Clostridiaceae_3,0.7300,Brassicibacter,0.7300
Otu243,Bacteria,1.0000,Firmicutes,1.0000,Clostridia,1.0000,Clostridiales,1.0000,Ruminococcaceae,1.0000,Dysosmobacter,0.8800
Otu244,Bacteria,1.0000,Firmicutes,1.0000,Clostridia,1.0000,Clostridiales,1.0000,Lachnospiraceae,0.9900,Anaerocolumna,0.7000
Otu246,Bacteria,1.0000,Firmicutes,0.9900,Clostridia,0.9900,Clostridiales,0.9900,Lachnospiraceae,0.5000,Butyrivibrio,0.3900
Otu245,Bacteria,1.0000,Actinobacteria,0.9900,Coriobacteriia,0.9900,Coriobacteriales,0.5400,Coriobacteriaceae,0.5200,Senegalimassilia,0.5200
Otu247,Bacteria,1.0000,Firmicutes,1.0000,Clostridia,1.0000,Clostridiales,1.0000,Ruminococcaceae,1.0000,Oscillibacter,0.7600
Otu249,Bacteria,1.0000,Firmicutes,1.0000,Clostridia,1.0000,Clostridiales,1.0000,Lachnospiraceae,1.0000,Blautia,0.5200
Otu248,Bacteria,1.0000,Firmicutes,0.7600,Clostridia,0.6600,Clostridiales,0.6600,Lachnospiraceae,0.5600,Lachnobacterium,0.4800
Otu251,Bacteria,1.0000,Firmicutes,1.0000,Clostridia,1.0000,Clostridiales,1.0000,Lachnospiraceae,1.0000,Roseburia,0.8100
Otu253,Bacteria,1.0000,Firmicutes,1.0000,Clostridia,1.0000,Clostridiales,1.0000,Lachnospiraceae,1.0000,Shuttleworthia,0.9100
Otu252,Bacteria,1.0000,Firmicutes,1.0000,Clostridia,1.0000,Clostridiales,1.0000,Lachnospiraceae,1.0000,Roseburia,1.0000
Otu254,Bacteria,1.0000,Firmicutes,1.0000,Clostridia,1.0000,Clostridiales,1.0000,Lachnospiraceae,1.0000,Roseburia,0.9000
Otu256,Bacteria,1.0000,Firmicutes,1.0000,Clostridia,1.0000,Clostridiales,1.0000,Lachnospiraceae,1.0000,Shuttleworthia,0.8300
Otu250,Bacteria,1.0000,Firmicutes,0.8300,Bacilli,0.4900,Lactobacillales,0.4900,Lactobacillaceae,0.4700,Holdemania,0.3300
Otu255,Bacteria,1.0000,Firmicutes,1.0000,Clostridia,1.0000,Clostridiales,1.0000,Ruminococcaceae,1.0000,Clostridium_IV,0.5700
Otu257,Bacteria,1.0000,Actinobacteria,0.9900,Coriobacteriia,0.9900,Eggerthellales,0.9900,Eggerthellaceae,0.9900,Slackia,0.8000
Otu258,Bacteria,1.0000,Actinobacteria,1.0000,Coriobacteriia,1.0000,Coriobacteriales,0.6900,Atopobiaceae,0.6400,Olsenella,0.6400
Otu259,Bacteria,1.0000,Firmicutes,1.0000,Clostridia,1.0000,Clostridiales,1.0000,Ruminococcaceae,0.9800,Ruminococcus,0.9800
Otu260,Bacteria,1.0000,Firmicutes,1.0000,Clostridia,1.0000,Clostridiales,1.0000,Lachnospiraceae,1.0000,Hungatella,0.4500
Otu262,Bacteria,1.0000,Firmicutes,1.0000,Clostridia,1.0000,Clostridiales,1.0000,Lachnospiraceae,1.0000,Mediterraneibacter,0.7800
Otu261,Bacteria,1.0000,Firmicutes,1.0000,Clostridia,0.9900,Clostridiales,0.9900,Ruminococcaceae,0.9900,Dysosmobacter,0.9100
Otu263,Bacteria,1.0000,Firmicutes,1.0000,Clostridia,1.0000,Clostridiales,1.0000,Lachnospiraceae,1.0000,Coprococcus,0.5100
Otu264,Bacteria,1.0000,Firmicutes,1.0000,Clostridia,1.0000,Clostridiales,1.0000,Lachnospiraceae,0.9700,Falcatimonas,0.5300
Otu266,Bacteria,1.0000,Firmicutes,0.5200,Clostridia,0.5200,Clostridiales,0.5200,Ruminococcaceae,0.3300,Spiroplasma,0.2300
Otu265,Bacteria,1.0000,Firmicutes,0.9900,Clostridia,0.9900,Clostridiales,0.9900,Ruminococcaceae,0.8900,Acetivibrio,0.6700
Otu267,Bacteria,1.0000,Firmicutes,1.0000,Clostridia,1.0000,Clostridiales,1.0000,Lachnospiraceae,1.0000,Blautia,0.4100
Otu268,Bacteria,1.0000,Firmicutes,1.0000,Clostridia,1.0000,Clostridiales,1.0000,Lachnospiraceae,1.0000,Roseburia,0.9800
Otu269,Bacteria,1.0000,Firmicutes,1.0000,Clostridia,1.0000,Clostridiales,1.0000,Ruminococcaceae,1.0000,Dysosmobacter,0.8500
Otu272,Bacteria,1.0000,Firmicutes,1.0000,Clostridia,1.0000,Clostridiales,1.0000,Lachnospiraceae,0.9900,Roseburia,0.2900
Otu270,Bacteria,1.0000,Firmicutes,1.0000,Bacilli,1.0000,Lactobacillales,1.0000,Carnobacteriaceae,1.0000,Atopostipes,1.0000
Otu274,Bacteria,1.0000,Firmicutes,0.5100,Clostridia,0.5000,Clostridiales,0.5000,Lachnospiraceae,0.4800,Cellulosilyticum,0.4400
Otu271,Bacteria,1.0000,Firmicutes,0.8400,Clostridia,0.8400,Clostridiales,0.8100,Christensenellaceae,0.6100,Christensenella,0.6100
Otu273,Bacteria,1.0000,Firmicutes,0.7900,Clostridia,0.5600,Clostridiales,0.5600,Clostridiales_Incertae_Sedis_XIII,0.5100,Mogibacterium,0.2400
Otu275,Bacteria,1.0000,Firmicutes,0.9700,Clostridia,0.8800,Clostridiales,0.8600,Clostridiaceae_1,0.4300,Clostridium_sensu_stricto,0.4200
Otu276,Bacteria,1.0000,Firmicutes,0.8700,Clostridia,0.5500,Clostridiales,0.5500,Peptostreptococcaceae,0.4900,Proteocatella,0.2900
Otu278,Bacteria,1.0000,Bacteroidetes,1.0000,Bacteroidia,1.0000,Bacteroidales,1.0000,Bacteroidaceae,1.0000,Phocaeicola,0.9900
Otu277,Bacteria,1.0000,Proteobacteria,1.0000,Alphaproteobacteria,1.0000,Sphingomonadales,1.0000,Sphingomonadaceae,0.9800,Sphingomonas,0.9700
Otu279,Bacteria,1.0000,Firmicutes,0.9800,Clostridia,0.9800,Clostridiales,0.9800,Lachnospiraceae,0.7700,Lacrimispora,0.4200
Otu280,Bacteria,1.0000,Firmicutes,0.9600,Clostridia,0.9200,Clostridiales,0.9100,Lachnospiraceae,0.8600,Johnsonella,0.3900
Otu281,Bacteria,1.0000,Firmicutes,1.0000,Clostridia,1.0000,Clostridiales,1.0000,Lachnospiraceae,1.0000,Fusicatenibacter,0.7200
Otu282,Bacteria,1.0000,Firmicutes,0.9700,Clostridia,0.9700,Clostridiales,0.9700,Ruminococcaceae,0.9600,Flavonifractor,0.3300
Otu283,Bacteria,1.0000,Firmicutes,1.0000,Clostridia,1.0000,Clostridiales,1.0000,Lachnospiraceae,1.0000,Lachnobacterium,0.6600
Otu285,Bacteria,1.0000,Firmicutes,1.0000,Clostridia,1.0000,Clostridiales,1.0000,Lachnospiraceae,1.0000,Muricomes,0.8100
Otu284,Bacteria,1.0000,Firmicutes,1.0000,Clostridia,1.0000,Clostridiales,1.0000,Lachnospiraceae,1.0000,Roseburia,0.9900
Otu287,Bacteria,1.0000,Firmicutes,0.9000,Clostridia,0.9000,Clostridiales,0.9000,Lachnospiraceae,0.9000,Enterocloster,0.3700
Otu286,Bacteria,1.0000,Firmicutes,0.9400,Clostridia,0.9400,Clostridiales,0.9400,Ruminococcaceae,0.9400,Neglecta,0.8800
Otu291,Bacteria,1.0000,Bacteroidetes,1.0000,Bacteroidia,1.0000,Bacteroidales,1.0000,Prevotellaceae,0.8200,Prevotella,0.8200
Otu288,Bacteria,1.0000,Actinobacteria,0.8600,Coriobacteriia,0.8600,Coriobacteriales,0.4700,Atopobiaceae,0.4400,Olsenella,0.3300
Otu290,Bacteria,1.0000,Firmicutes,0.9900,Clostridia,0.9900,Clostridiales,0.9900,Lachnospiraceae,0.9800,Clostridium_XlVa,0.4800
Otu289,Bacteria,1.0000,Firmicutes,0.8800,Clostridia,0.8300,Clostridiales,0.7100,Peptococcaceae_2,0.3400,Desulfofundulus,0.3400
Otu295,Bacteria,1.0000,Firmicutes,1.0000,Clostridia,1.0000,Clostridiales,1.0000,Lachnospiraceae,1.0000,Dorea,0.5600
Otu293,Bacteria,1.0000,Firmicutes,0.6600,Clostridia,0.6600,Clostridiales,0.6500,Lachnospiraceae,0.4400,Anaerostipes,0.3100
Otu294,Bacteria,1.0000,Firmicutes,1.0000,Clostridia,1.0000,Clostridiales,1.0000,Ruminococcaceae,1.0000,Dysosmobacter,0.8700
Otu296,Bacteria,1.0000,Firmicutes,0.9900,Clostridia,0.9900,Clostridiales,0.9800,Ruminococcaceae,0.9800,Clostridium_IV,0.3300
Otu292,Bacteria,1.0000,Firmicutes,0.6400,Clostridia,0.6400,Clostridiales,0.6400,Peptococcaceae_1,0.3100,Desulfosporosinus,0.3000
Otu297,Bacteria,1.0000,Firmicutes,1.0000,Clostridia,1.0000,Clostridiales,1.0000,Ruminococcaceae,1.0000,Acutalibacter,0.9900
Otu298,Bacteria,1.0000,Firmicutes,0.9800,Clostridia,0.9800,Clostridiales,0.9800,Lachnospiraceae,0.9800,Marvinbryantia,0.9000
Otu300,Bacteria,1.0000,Firmicutes,0.8400,Clostridia,0.8300,Clostridiales,0.5900,Eubacteriaceae,0.2400,Anaerofustis,0.2400
Otu305,,,,,,,Bacteria,1.0000,Candidatus_Saccharibacteria,1.0000,Saccharibacteria_genera_incertae_sedis,1.0000
Otu301,Bacteria,1.0000,Firmicutes,1.0000,Clostridia,1.0000,Clostridiales,1.0000,Ruminococcaceae,0.9900,Neglecta,0.6600
Otu299,Bacteria,1.0000,Proteobacteria,1.0000,Betaproteobacteria,1.0000,Burkholderiales,0.7700,Oxalobacteraceae,0.7600,Massilia,0.7600
Otu302,Bacteria,1.0000,Firmicutes,1.0000,Clostridia,1.0000,Clostridiales,1.0000,Lachnospiraceae,0.9400,Clostridium_XlVb,0.5800
Otu304,Bacteria,1.0000,Firmicutes,1.0000,Clostridia,1.0000,Clostridiales,1.0000,Lachnospiraceae,1.0000,Enterocloster,0.5400
Otu306,Bacteria,1.0000,Firmicutes,1.0000,Clostridia,1.0000,Clostridiales,1.0000,Ruminococcaceae,1.0000,Clostridium_IV,0.5600
Otu308,Bacteria,1.0000,Firmicutes,1.0000,Clostridia,1.0000,Clostridiales,1.0000,Lachnospiraceae,1.0000,Enterocloster,0.9900
Otu303,Bacteria,1.0000,Actinobacteria,1.0000,Actinobacteria,1.0000,Mycobacteriales,1.0000,Mycobacteriaceae,1.0000,Mycobacterium,1.0000
Otu307,Bacteria,1.0000,Firmicutes,0.9300,Clostridia,0.5500,Clostridiales,0.4900,Bacillales_incertae_sedis,0.3400,Hydrogenibacillus,0.3400
Otu309,Bacteria,1.0000,Firmicutes,1.0000,Clostridia,1.0000,Clostridiales,1.0000,Lachnospiraceae,1.0000,Syntrophococcus,0.9900
Otu313,Bacteria,1.0000,Firmicutes,0.8900,Clostridia,0.8900,Clostridiales,0.8900,Lachnospiraceae,0.8800,Lacrimispora,0.3400
Otu311,Bacteria,1.0000,Firmicutes,1.0000,Clostridia,1.0000,Clostridiales,1.0000,Lachnospiraceae,1.0000,Syntrophococcus,0.9900
Otu314,Bacteria,1.0000,Firmicutes,1.0000,Clostridia,1.0000,Clostridiales,1.0000,Lachnospiraceae,1.0000,Roseburia,0.9900
Otu312,Bacteria,1.0000,Firmicutes,0.9900,Clostridia,0.9900,Clostridiales,0.9900,Lachnospiraceae,0.9900,Marvinbryantia,0.8600
Otu310,Bacteria,1.0000,Firmicutes,0.9900,Erysipelotrichia,0.9700,Erysipelotrichales,0.9700,Erysipelotrichaceae,0.9700,Faecalicoccus,0.5900
Otu316,Bacteria,1.0000,Bacteroidetes,1.0000,Sphingobacteriia,0.9000,Sphingobacteriales,0.9000,Sphingobacteriaceae,0.9000,Sphingobacterium,0.6400
Otu317,Bacteria,1.0000,Firmicutes,1.0000,Clostridia,1.0000,Clostridiales,1.0000,Lachnospiraceae,0.8600,Coprococcus,0.6100
Otu318,Bacteria,1.0000,Firmicutes,1.0000,Clostridia,1.0000,Clostridiales,1.0000,Ruminococcaceae,1.0000,Dysosmobacter,0.7200
Otu315,Bacteria,1.0000,Firmicutes,0.7200,Clostridia,0.5800,Clostridiales,0.5800,Clostridiales_Incertae_Sedis_XI,0.3800,Dethiosulfatibacter,0.3800
Otu319,Bacteria,1.0000,Firmicutes,1.0000,Clostridia,1.0000,Clostridiales,0.9700,Ruminococcaceae,0.9600,Anaerotruncus,0.7100
Otu322,Bacteria,1.0000,Firmicutes,1.0000,Clostridia,1.0000,Clostridiales,1.0000,Lachnospiraceae,1.0000,Butyrivibrio,0.5200
Otu324,Bacteria,1.0000,Firmicutes,1.0000,Clostridia,1.0000,Clostridiales,1.0000,Lachnospiraceae,1.0000,Anaerosporobacter,0.5300
Otu320,Bacteria,1.0000,Firmicutes,1.0000,Clostridia,1.0000,Clostridiales,1.0000,Ruminococcaceae,0.9900,Neglecta,0.6600
Otu321,Bacteria,1.0000,Firmicutes,0.8500,Clostridia,0.7900,Clostridiales,0.7600,Clostridiaceae_3,0.4800,Brassicibacter,0.4800
Otu323,Bacteria,1.0000,Actinobacteria,0.6200,Coriobacteriia,0.6000,Eggerthellales,0.5700,Eggerthellaceae,0.5700,Raoultibacter,0.5700
Otu327,Archaea,1.0000,Euryarchaeota,1.0000,Methanobacteria,1.0000,Methanobacteriales,1.0000,Methanobacteriaceae,1.0000,Methanobrevibacter,1.0000
Otu325,Bacteria,1.0000,Firmicutes,0.8300,Clostridia,0.8300,Clostridiales,0.8300,Lachnospiraceae,0.8100,Cellulosilyticum,0.8000
Otu330,Bacteria,0.9800,Bacteroidetes,0.5400,Cytophagia,0.2000,Cytophagales,0.2000,Hymenobacteraceae,0.1900,Hymenobacter,0.1700
Otu328,Bacteria,1.0000,Firmicutes,0.9700,Clostridia,0.9700,Clostridiales,0.9700,Lachnospiraceae,0.9700,Hungatella,0.4300
Otu326,Bacteria,1.0000,Firmicutes,1.0000,Clostridia,1.0000,Clostridiales,1.0000,Clostridiales_Incertae_Sedis_XIII,1.0000,Mogibacterium,1.0000
Otu329,Bacteria,1.0000,Firmicutes,0.7600,Clostridia,0.7600,Clostridiales,0.7600,Lachnospiraceae,0.7300,Cellulosilyticum,0.6800
Otu332,Bacteria,1.0000,Firmicutes,0.9200,Clostridia,0.9200,Clostridiales,0.9200,Lachnospiraceae,0.9200,Marvinbryantia,0.7900
Otu331,Bacteria,1.0000,Firmicutes,1.0000,Clostridia,1.0000,Clostridiales,1.0000,Lachnospiraceae,1.0000,Butyrivibrio,0.6500
Otu333,Bacteria,1.0000,Firmicutes,1.0000,Clostridia,1.0000,Clostridiales,1.0000,Ruminococcaceae,1.0000,Clostridium_IV,0.6900
Otu334,Bacteria,1.0000,Firmicutes,1.0000,Clostridia,1.0000,Clostridiales,1.0000,Lachnospiraceae,0.9700,Johnsonella,0.5800
Otu335,Bacteria,1.0000,Firmicutes,0.9500,Clostridia,0.9500,Clostridiales,0.9500,Ruminococcaceae,0.9500,Oscillibacter,0.7700
Otu337,Bacteria,1.0000,Firmicutes,0.9100,Clostridia,0.9100,Clostridiales,0.9100,Lachnospiraceae,0.9000,Lacrimispora,0.3500
Otu336,Bacteria,1.0000,Proteobacteria,1.0000,Gammaproteobacteria,1.0000,Xanthomonadales,1.0000,Xanthomonadaceae,1.0000,Stenotrophomonas,0.9900
Otu339,Bacteria,1.0000,Firmicutes,1.0000,Clostridia,1.0000,Clostridiales,1.0000,Lachnospiraceae,0.9900,Roseburia,0.9900
Otu340,Bacteria,1.0000,Firmicutes,0.9300,Erysipelotrichia,0.7700,Erysipelotrichales,0.7700,Erysipelotrichaceae,0.7700,Amedibacillus,0.4500
Otu338,Bacteria,1.0000,Actinobacteria,1.0000,Actinobacteria,1.0000,Mycobacteriales,1.0000,Corynebacteriaceae,0.8300,Corynebacterium,0.8300
Otu341,Bacteria,1.0000,Firmicutes,1.0000,Clostridia,1.0000,Clostridiales,1.0000,Ruminococcaceae,1.0000,Harryflintia,0.5100
Otu344,Bacteria,1.0000,Firmicutes,1.0000,Clostridia,1.0000,Clostridiales,1.0000,Lachnospiraceae,1.0000,Dorea,0.3600
Otu343,Bacteria,1.0000,Bacteroidetes,1.0000,Bacteroidia,0.9900,Bacteroidales,0.9900,Rikenellaceae,0.9900,Alistipes,0.9900
Otu342,Bacteria,1.0000,Proteobacteria,1.0000,Betaproteobacteria,1.0000,Burkholderiales,1.0000,Comamonadaceae,0.9700,Mitsuaria,0.9500
Otu346,Bacteria,1.0000,Firmicutes,1.0000,Clostridia,1.0000,Clostridiales,1.0000,Lachnospiraceae,1.0000,Shuttleworthia,0.9100
Otu350,Bacteria,0.9200,Bacteroidetes,0.3400,Gammaproteobacteria,0.1500,Sphingobacteriales,0.1300,Sphingobacteriaceae,0.1300,Sphingomonas,0.1000
Otu345,Bacteria,1.0000,Proteobacteria,1.0000,Gammaproteobacteria,1.0000,Enterobacterales,0.9900,Yersiniaceae,0.9800,Serratia,0.9800
Otu347,Bacteria,1.0000,Firmicutes,1.0000,Bacilli,1.0000,Lactobacillales,1.0000,Streptococcaceae,1.0000,Streptococcus,1.0000
Otu348,Bacteria,1.0000,Firmicutes,0.9900,Clostridia,0.9900,Clostridiales,0.9900,Ruminococcaceae,0.9100,Acetivibrio,0.6800
Otu351,Bacteria,1.0000,Firmicutes,1.0000,Clostridia,1.0000,Clostridiales,1.0000,Ruminococcaceae,1.0000,Anaerotruncus,0.9500
Otu349,Bacteria,1.0000,Firmicutes,1.0000,Clostridia,1.0000,Clostridiales,1.0000,Lachnospiraceae,0.9900,Anaerotignum,0.9800
Otu355,Bacteria,1.0000,Firmicutes,0.7400,Bacilli,0.3800,Clostridiales,0.3600,Lachnospiraceae,0.3100,Cellulosilyticum,0.2600
Otu352,Bacteria,1.0000,Firmicutes,0.9400,Clostridia,0.9400,Clostridiales,0.9400,Clostridiales_incertae_sedis,0.8900,Marinisporobacter,0.5700
Otu354,Bacteria,1.0000,Firmicutes,1.0000,Bacilli,1.0000,Lactobacillales,1.0000,Lactobacillaceae,1.0000,Weissella,1.0000
Otu353,Bacteria,1.0000,Firmicutes,1.0000,Clostridia,1.0000,Clostridiales,1.0000,Tissierellaceae,0.6400,Anaerosalibacter,0.6400
Otu356,Bacteria,1.0000,Firmicutes,0.9800,Clostridia,0.9600,Clostridiales,0.9600,Ruminococcaceae,0.8900,Papillibacter,0.5800
Otu357,Bacteria,1.0000,Firmicutes,0.9900,Clostridia,0.9900,Clostridiales,0.9900,Lachnospiraceae,0.9900,Hungatella,0.9700
Otu358,Bacteria,1.0000,Firmicutes,0.8800,Clostridia,0.8800,Clostridiales,0.8800,Lachnospiraceae,0.8800,Lachnobacterium,0.4200
Otu360,Bacteria,1.0000,Firmicutes,1.0000,Clostridia,1.0000,Clostridiales,1.0000,Lachnospiraceae,0.9900,Frisingicoccus,0.7300
Otu364,Bacteria,0.9600,Proteobacteria,0.3600,Alphaproteobacteria,0.1700,Bacteroidales,0.1300,Prevotellaceae,0.1200,Prevotella,0.1000
Otu359,Bacteria,1.0000,Firmicutes,0.9500,Erysipelotrichia,0.8800,Erysipelotrichales,0.8800,Erysipelotrichaceae,0.8800,Amedibacillus,0.5400
Otu362,Bacteria,1.0000,Bacteroidetes,1.0000,Bacteroidia,0.9800,Bacteroidales,0.9800,Odoribacteraceae,0.6500,Odoribacter,0.6400
Otu361,Bacteria,1.0000,Firmicutes,1.0000,Bacilli,1.0000,Bacillales,1.0000,Staphylococcaceae,1.0000,Staphylococcus,0.9900
Otu363,Bacteria,1.0000,Firmicutes,1.0000,Clostridia,1.0000,Clostridiales,1.0000,Ruminococcaceae,0.9600,Acetanaerobacterium,0.5100
Otu367,Bacteria,1.0000,Firmicutes,1.0000,Clostridia,1.0000,Clostridiales,1.0000,Vallitaleaceae,0.7400,Vallitalea,0.7400
Otu368,Bacteria,1.0000,Firmicutes,1.0000,Clostridia,1.0000,Clostridiales,1.0000,Lachnospiraceae,1.0000,Agathobacter,0.4800
Otu365,Bacteria,1.0000,Proteobacteria,1.0000,Gammaproteobacteria,0.5400,Nitrosomonadales,0.4300,Thiobacillaceae,0.3900,Annwoodia,0.3900
Otu366,Bacteria,1.0000,Actinobacteria,1.0000,Coriobacteriia,1.0000,Eggerthellales,0.7900,Eggerthellaceae,0.7900,Slackia,0.6500
Otu369,Bacteria,1.0000,Firmicutes,1.0000,Clostridia,1.0000,Clostridiales,1.0000,Ruminococcaceae,0.7400,Anaerotruncus,0.5800
Otu373,Bacteria,1.0000,Firmicutes,1.0000,Clostridia,0.9600,Clostridiales,0.9600,Lachnospiraceae,0.6800,Lachnospiracea_incertae_sedis,0.3900
Otu370,Bacteria,1.0000,Proteobacteria,0.6700,Alphaproteobacteria,0.6600,Rhodospirillales,0.5400,Rhodospirillaceae,0.3200,Nisaea,0.1900
Otu372,Bacteria,1.0000,Firmicutes,0.6700,Clostridia,0.6500,Clostridiales,0.6500,Lachnospiraceae,0.5400,Cellulosilyticum,0.5000
Otu371,Bacteria,1.0000,Tenericutes,0.6500,Mollicutes,0.6500,Acholeplasmatales,0.6400,Acholeplasmataceae,0.6400,Acholeplasma,0.6400
Otu375,Bacteria,1.0000,Firmicutes,0.6900,Clostridia,0.6900,Halanaerobiales,0.4300,Halobacteroidaceae,0.4300,Selenihalanaerobacter,0.4300
Otu374,Bacteria,1.0000,Proteobacteria,1.0000,Gammaproteobacteria,1.0000,Pseudomonadales,0.8400,Pseudomonadaceae,0.8400,Pseudomonas,0.8400
Otu377,Bacteria,1.0000,Bacteroidetes,1.0000,Bacteroidia,0.9800,Bacteroidales,0.9800,Porphyromonadaceae,0.8100,Porphyromonas,0.8100
Otu376,Bacteria,1.0000,Firmicutes,0.9800,Clostridia,0.8100,Clostridiales,0.8100,Eubacteriaceae,0.7800,Anaerofustis,0.7800
Otu381,,,,,,,Bacteria,1.0000,Candidatus_Saccharibacteria,1.0000,Saccharibacteria_genera_incertae_sedis,1.0000
Otu378,Bacteria,1.0000,Proteobacteria,1.0000,Deltaproteobacteria,0.8200,Desulfovibrionales,0.8200,Desulfovibrionaceae,0.8200,Desulfovibrio,0.8200
Otu379,Bacteria,1.0000,Actinobacteria,0.9900,Coriobacteriia,0.9900,Eggerthellales,0.9900,Eggerthellaceae,0.9900,Slackia,0.8800
Otu382,Bacteria,1.0000,Firmicutes,1.0000,Clostridia,1.0000,Clostridiales,1.0000,Lachnospiraceae,1.0000,Butyrivibrio,0.3200
Otu380,Bacteria,1.0000,Tenericutes,0.8900,Mollicutes,0.8900,Anaeroplasmatales,0.8900,Anaeroplasmataceae,0.8900,Anaeroplasma,0.8900
Otu383,Bacteria,1.0000,Firmicutes,1.0000,Clostridia,1.0000,Clostridiales,1.0000,Ruminococcaceae,1.0000,Harryflintia,0.6600
Otu387,Bacteria,0.9500,Firmicutes,0.2300,Chloroplast,0.2200,Clostridiales,0.1600,Chloroplast,0.2200,Chlorophyta,0.1900
Otu385,Bacteria,1.0000,Firmicutes,1.0000,Erysipelotrichia,0.9200,Erysipelotrichales,0.9200,Erysipelotrichaceae,0.9200,Allobaculum,0.4200
Otu386,Bacteria,1.0000,Firmicutes,0.4600,Clostridia,0.3300,Thermoanaerobacterales,0.2200,Thermoanaerobacteraceae,0.2200,Armatimonadetes_gp4,0.1900
Otu384,Bacteria,1.0000,Firmicutes,0.9500,Clostridia,0.9300,Clostridiales,0.8800,Christensenellaceae,0.6100,Christensenella,0.6100
Otu388,Bacteria,1.0000,Firmicutes,0.4600,Bacilli,0.3900,Bacillales,0.3900,Alicyclobacillaceae,0.3700,Alicyclobacillus,0.3700
Otu390,Bacteria,1.0000,Firmicutes,0.9800,Clostridia,0.9800,Clostridiales,0.9800,Ruminococcaceae,0.9700,Papillibacter,0.3100
Otu389,Bacteria,1.0000,Firmicutes,1.0000,Erysipelotrichia,1.0000,Erysipelotrichales,1.0000,Erysipelotrichaceae,1.0000,Allobaculum,0.9500
Otu391,Bacteria,1.0000,Firmicutes,1.0000,Erysipelotrichia,0.9800,Erysipelotrichales,0.9800,Erysipelotrichaceae,0.9800,Allobaculum,0.9300
Otu392,Bacteria,1.0000,Firmicutes,1.0000,Clostridia,1.0000,Clostridiales,1.0000,Lachnospiraceae,0.9600,Parasporobacterium,0.2500
Otu396,Bacteria,0.8800,Firmicutes,0.3700,Clostridia,0.1900,Clostridiales,0.1900,Flavobacteriaceae,0.1500,Muricauda,0.0600
Otu393,Bacteria,1.0000,Firmicutes,1.0000,Erysipelotrichia,0.9800,Erysipelotrichales,0.9800,Erysipelotrichaceae,0.9800,Clostridium_XVIII,0.9200
Otu394,Bacteria,1.0000,Firmicutes,0.8200,Erysipelotrichia,0.7800,Erysipelotrichales,0.7800,Erysipelotrichaceae,0.7800,Bulleidia,0.4000
Otu397,Bacteria,1.0000,Bacteroidetes,1.0000,Bacteroidia,0.8100,Bacteroidales,0.8100,Prevotellaceae,0.6700,Prevotella,0.6100
Otu395,Bacteria,1.0000,Firmicutes,0.7700,Clostridia,0.4500,Clostridiales,0.4500,Peptostreptococcaceae,0.3800,Amedibacillus,0.2000
Otu399,Bacteria,1.0000,Firmicutes,1.0000,Clostridia,1.0000,Clostridiales,1.0000,Ruminococcaceae,0.5500,Acetivibrio,0.5000
Otu398,Bacteria,1.0000,Firmicutes,0.9800,Clostridia,0.9800,Clostridiales,0.9800,Ruminococcaceae,0.7200,Acetivibrio,0.2500
Otu402,Bacteria,1.0000,Bacteroidetes,1.0000,Bacteroidia,0.9300,Bacteroidales,0.9300,Bacteroidaceae,0.7000,Phocaeicola,0.7000
Otu400,Bacteria,1.0000,Firmicutes,0.9600,Clostridia,0.5600,Clostridiales,0.5300,Peptococcaceae_1,0.5100,Desulfitobacterium,0.2900
Otu404,Bacteria,1.0000,Firmicutes,0.8700,Clostridia,0.8700,Clostridiales,0.8700,Lachnospiraceae,0.8700,Blautia,0.4500
Otu403,Bacteria,1.0000,Firmicutes,0.9900,Clostridia,0.9900,Clostridiales,0.9900,Ruminococcaceae,0.9700,Butyricicoccus,0.4300
Otu405,Bacteria,1.0000,Candidatus_Saccharibacteria,0.8300,Bacteroidia,0.1200,Bacteroidales,0.1200,Porphyromonadaceae,0.0600,Saccharibacteria_genera_incertae_sedis,0.8300
Otu401,Bacteria,1.0000,Firmicutes,1.0000,Clostridia,1.0000,Clostridiales,1.0000,Catabacteriaceae,0.9900,Catabacter,0.9900
Otu407,Bacteria,0.9000,Tenericutes,0.2800,Mollicutes,0.2800,Mycoplasmatales,0.2700,Mycoplasmataceae,0.2700,Ureaplasma,0.2700
Otu408,Bacteria,1.0000,Firmicutes,0.7500,Clostridia,0.7500,Clostridiales,0.7500,Lachnospiraceae,0.7200,Butyrivibrio,0.3100
Otu409,Bacteria,1.0000,Firmicutes,1.0000,Clostridia,1.0000,Clostridiales,1.0000,Ruminococcaceae,0.9300,Acutalibacter,0.8900
Otu406,Bacteria,1.0000,Firmicutes,1.0000,Bacilli,1.0000,Lactobacillales,1.0000,Streptococcaceae,1.0000,Streptococcus,1.0000
Otu412,Bacteria,1.0000,Firmicutes,0.8300,Clostridia,0.8300,Clostridiales,0.8300,Lachnospiraceae,0.8200,Roseburia,0.5100
Otu414,Bacteria,1.0000,Firmicutes,0.9200,Clostridia,0.9200,Clostridiales,0.9200,Lachnospiraceae,0.8100,Lachnobacterium,0.3000
Otu410,Bacteria,1.0000,Firmicutes,0.9600,Bacilli,0.8600,Lactobacillales,0.8600,Enterococcaceae,0.4000,Tetragenococcus,0.4000
Otu413,Bacteria,1.0000,Firmicutes,1.0000,Clostridia,1.0000,Clostridiales,1.0000,Lachnospiraceae,1.0000,Shuttleworthia,0.8300
Otu415,Bacteria,1.0000,Firmicutes,0.9400,Bacilli,0.5900,Bacillales,0.5800,Bacillales_incertae_sedis,0.5800,Hydrogenibacillus,0.5800
Otu416,Bacteria,1.0000,Bacteroidetes,0.6800,Bacteroidia,0.5800,Bacteroidales,0.5800,Muribaculaceae,0.5400,Duncaniella,0.5400
Otu411,Bacteria,1.0000,Firmicutes,0.9900,Clostridia,0.9900,Clostridiales,0.9200,Clostridiales_Incertae_Sedis_III,0.4800,Caldicellulosiruptor,0.4800
Otu418,Bacteria,1.0000,Firmicutes,0.8800,Clostridia,0.8800,Clostridiales,0.8800,Lachnospiraceae,0.8800,Enterocloster,0.8500
Otu419,Bacteria,1.0000,Bacteroidetes,0.9400,Bacteroidia,0.7200,Bacteroidales,0.7200,Muribaculaceae,0.3500,Duncaniella,0.3500
Otu420,Bacteria,1.0000,Firmicutes,1.0000,Clostridia,1.0000,Clostridiales,1.0000,Ruminococcaceae,1.0000,Faecalibacterium,1.0000
Otu417,Bacteria,1.0000,Actinobacteria,1.0000,Actinobacteria,1.0000,Mycobacteriales,1.0000,Corynebacteriaceae,0.8100,Corynebacterium,0.8100
Otu423,Bacteria,1.0000,Firmicutes,1.0000,Clostridia,1.0000,Clostridiales,1.0000,Lachnospiraceae,1.0000,Moryella,0.4500
Otu422,Bacteria,1.0000,Firmicutes,0.9800,Clostridia,0.9800,Clostridiales,0.9800,Ruminococcaceae,0.9700,Ethanoligenens,0.3500
Otu421,Bacteria,1.0000,Firmicutes,1.0000,Clostridia,1.0000,Clostridiales,1.0000,Ruminococcaceae,1.0000,Ruthenibacterium,0.7100
Otu424,Bacteria,1.0000,Bacteroidetes,1.0000,Bacteroidia,0.8900,Bacteroidales,0.8900,Prevotellaceae,0.6900,Prevotella,0.6500
Otu427,,,,,,,Bacteria,1.0000,Candidatus_Saccharibacteria,1.0000,Saccharibacteria_genera_incertae_sedis,1.0000
Otu425,Bacteria,1.0000,Firmicutes,1.0000,Bacilli,1.0000,Lactobacillales,1.0000,Lactobacillaceae,1.0000,Leuconostoc,1.0000
Otu429,Bacteria,0.8000,Proteobacteria,0.4300,Gammaproteobacteria,0.2400,Thermoproteales,0.1600,Thermoproteaceae,0.1600,Parasutterella,0.1300
Otu426,Bacteria,1.0000,Actinobacteria,1.0000,Actinobacteria,1.0000,Mycobacteriales,1.0000,Corynebacteriaceae,0.9800,Corynebacterium,0.9800
Otu430,Bacteria,1.0000,Firmicutes,0.9300,Clostridia,0.9300,Clostridiales,0.9300,Lachnospiraceae,0.9100,Cuneatibacter,0.2000
Otu428,Bacteria,1.0000,Actinobacteria,1.0000,Coriobacteriia,1.0000,Eggerthellales,0.6400,Eggerthellaceae,0.6400,Collinsella,0.3600
Otu433,Bacteria,1.0000,Firmicutes,0.7000,Clostridia,0.6100,Clostridiales,0.6100,Lachnospiraceae,0.4200,Clostridium_XlVa,0.2500
Otu431,Bacteria,1.0000,Firmicutes,0.3800,Negativicutes,0.2300,Selenomonadales,0.2300,Selenomonadaceae,0.2300,Schwartzia,0.2000
Otu437,Bacteria,0.9600,Firmicutes,0.4400,Bacilli,0.3400,Bacillales,0.2400,Bacillaceae_2,0.1200,Pediococcus,0.0600
Otu436,Bacteria,1.0000,Firmicutes,0.9900,Clostridia,0.9900,Clostridiales,0.9900,Lachnospiraceae,0.9900,Mobilitalea,0.5600
Otu432,Bacteria,1.0000,Firmicutes,0.9900,Clostridia,0.9800,Clostridiales,0.9800,Peptococcaceae_1,0.9800,Thermincola,0.9800
Otu434,Bacteria,1.0000,Firmicutes,1.0000,Erysipelotrichia,0.9700,Erysipelotrichales,0.9700,Erysipelotrichaceae,0.9700,Holdemania,0.8500
Otu438,Bacteria,1.0000,Bacteroidetes,1.0000,Bacteroidia,0.9600,Bacteroidales,0.9600,Muribaculaceae,0.3300,Muribaculum,0.2900
Otu440,Bacteria,0.9900,Firmicutes,0.4400,Bacilli,0.3100,Lactobacillales,0.2900,Lactobacillaceae,0.1400,Bacteroides,0.1400
Otu435,Bacteria,1.0000,Firmicutes,1.0000,Bacilli,0.5200,Lactobacillales,0.5200,Clostridiaceae_1,0.4600,Hathewaya,0.4400
Otu439,Bacteria,1.0000,Firmicutes,0.8100,Clostridia,0.8000,Clostridiales,0.8000,Lachnospiraceae,0.6000,Cellulosilyticum,0.5900
Otu441,Bacteria,1.0000,Bacteroidetes,1.0000,Bacteroidia,0.8300,Bacteroidales,0.8300,Prevotellaceae,0.5300,Prevotella,0.4200
Otu442,Bacteria,1.0000,Firmicutes,1.0000,Clostridia,1.0000,Clostridiales,1.0000,Lachnospiraceae,1.0000,Shuttleworthia,0.7300
Otu443,Bacteria,1.0000,Firmicutes,0.9900,Clostridia,0.9900,Clostridiales,0.9900,Ruminococcaceae,0.9800,Clostridium_IV,0.5400
Otu446,Bacteria,1.0000,Firmicutes,0.5200,Clostridia,0.5200,Clostridiales,0.5200,Lachnospiraceae,0.5200,Parasporobacterium,0.5000
Otu445,Bacteria,1.0000,Synergistetes,0.5500,Synergistia,0.5500,Synergistales,0.5500,Synergistaceae,0.5500,Pyramidobacter,0.5500
Otu444,Bacteria,1.0000,Proteobacteria,1.0000,Gammaproteobacteria,1.0000,Enterobacterales,1.0000,Enterobacteriaceae,1.0000,Citrobacter,1.0000
Otu447,Bacteria,0.9100,Bacteroidetes,0.7500,Bacteroidia,0.7500,Bacteroidales,0.7500,Bacteroidaceae,0.3200,Porphyromonas,0.3100
Otu448,Bacteria,1.0000,Firmicutes,0.4800,Clostridia,0.4800,Clostridiales,0.4700,Ruminococcaceae,0.2200,Christensenella,0.1800
Otu451,Bacteria,1.0000,Bacteroidetes,0.5800,Bacteroidia,0.5700,Bacteroidales,0.5700,Bacteroidaceae,0.5600,Bacteroides,0.5100
Otu449,Bacteria,1.0000,Firmicutes,0.9900,Erysipelotrichia,0.9300,Erysipelotrichales,0.9300,Erysipelotrichaceae,0.9300,Holdemania,0.9000
Otu450,Bacteria,0.9300,Firmicutes,0.8800,Bacilli,0.6200,Bacillales,0.6200,Paenibacillaceae_1,0.4400,Paenibacillus,0.4400
Otu454,Bacteria,1.0000,Candidatus_Saccharibacteria,0.9900,Bacteroidia,0.0100,Bacteroidales,0.0100,Porphyromonadaceae,0.0100,Saccharibacteria_genera_incertae_sedis,0.9900
Otu452,Bacteria,1.0000,Bacteroidetes,1.0000,Bacteroidia,0.9600,Bacteroidales,0.9600,Porphyromonadaceae,0.4700,Porphyromonas,0.4700
Otu453,Bacteria,1.0000,Firmicutes,0.7500,Clostridia,0.7000,Clostridiales,0.7000,Clostridiaceae_3,0.6100,Brassicibacter,0.6100
Otu458,Bacteria,1.0000,Firmicutes,0.6800,Clostridia,0.6800,Clostridiales,0.6800,Lachnospiraceae,0.6800,Enterocloster,0.3200
Otu459,Bacteria,1.0000,Bacteroidetes,1.0000,Bacteroidia,0.9900,Bacteroidales,0.9900,Prevotellaceae,0.9100,Prevotella,0.9100
Otu460,Bacteria,1.0000,Firmicutes,0.9900,Clostridia,0.9900,Clostridiales,0.9900,Lachnospiraceae,0.9800,Butyrivibrio,0.6700
Otu455,Bacteria,1.0000,Firmicutes,0.8800,Bacilli,0.8800,Lactobacillales,0.8500,Lactobacillaceae,0.6000,Companilactobacillus,0.3100
Otu456,Bacteria,0.9400,Firmicutes,0.7600,Clostridia,0.5400,Clostridiales,0.5400,Lachnospiraceae,0.5300,Anaerostipes,0.1400
Otu461,Bacteria,1.0000,Bacteroidetes,0.9000,Cytophagia,0.6300,Cytophagales,0.6300,Hymenobacteraceae,0.3400,Hymenobacter,0.3400
Otu462,Bacteria,0.7900,Bacteroidetes,0.6700,Bacteroidia,0.4700,Bacteroidales,0.4700,Marinilabiliaceae,0.2300,Alkaliflexus,0.2300
Otu457,Bacteria,1.0000,Actinobacteria,1.0000,Actinobacteria,1.0000,Streptosporangiales,0.5400,Thermomonosporaceae,0.5400,Actinomadura,0.5400
Otu463,Bacteria,1.0000,Proteobacteria,0.9900,Gammaproteobacteria,0.9700,Xanthomonadales,0.9500,Xanthomonadaceae,0.7600,Lysobacter,0.5800
Otu465,Bacteria,0.9500,Bacteroidetes,0.2600,Bacilli,0.1500,Bacillales,0.1400,Prevotellaceae,0.1000,Prevotella,0.1000
Otu464,Bacteria,1.0000,Firmicutes,0.9700,Clostridia,0.9600,Clostridiales,0.9400,Lachnospiraceae,0.9300,Johnsonella,0.4000
Otu468,Bacteria,1.0000,Candidatus_Saccharibacteria,0.8400,Clostridia,0.1500,Clostridiales,0.1500,Lachnospiraceae,0.1500,Saccharibacteria_genera_incertae_sedis,0.8400
Otu469,Bacteria,1.0000,Firmicutes,0.9800,Clostridia,0.9800,Clostridiales,0.9800,Lachnospiraceae,0.9800,Faecalicatena,0.5200
Otu467,Bacteria,1.0000,Firmicutes,1.0000,Bacilli,1.0000,Lactobacillales,1.0000,Streptococcaceae,1.0000,Streptococcus,0.9500
Otu470,Bacteria,0.8900,Bacteroidetes,0.7200,Bacteroidia,0.7200,Bacteroidales,0.7200,Bacteroidaceae,0.4600,Bacteroides,0.4100
Otu466,Bacteria,1.0000,Firmicutes,0.7300,Clostridia,0.6500,Clostridiales,0.6500,Lachnospiraceae,0.5900,Anaerostipes,0.2300
Otu471,Bacteria,1.0000,Firmicutes,0.6700,Clostridia,0.6600,Clostridiales,0.6600,Peptostreptococcaceae,0.3000,Peptacetobacter,0.2900
Otu477,Bacteria,0.8400,Firmicutes,0.2800,Bacilli,0.1500,Clostridiales,0.1300,Flavobacteriaceae,0.0800,Sphingobacterium,0.0600
Otu473,Bacteria,1.0000,Actinobacteria,0.9900,Coriobacteriia,0.9900,Eggerthellales,0.9900,Eggerthellaceae,0.9900,Adlercreutzia,0.9900
Otu472,Bacteria,1.0000,Bacteroidetes,0.9400,Bacteroidia,0.9400,Bacteroidales,0.9400,Bacteroidaceae,0.3900,Bacteroides,0.2400
Otu476,Bacteria,1.0000,Bacteroidetes,0.9100,Bacteroidia,0.8600,Bacteroidales,0.8600,Muribaculaceae,0.5000,Duncaniella,0.4800
Otu474,Bacteria,1.0000,Firmicutes,0.9900,Bacilli,0.9600,Bacillales,0.8700,Listeriaceae,0.8700,Listeria,0.8700
Otu475,Bacteria,1.0000,Firmicutes,0.6600,Bacilli,0.5700,Lactobacillales,0.5600,Lactobacillaceae,0.5600,Secundilactobacillus,0.2900
Otu479,Bacteria,0.9800,Firmicutes,0.6600,Bacilli,0.2900,Clostridiales,0.2800,Lachnospiraceae,0.2100,Ehrlichia,0.1300
Otu478,Bacteria,1.0000,Firmicutes,1.0000,Clostridia,0.9700,Clostridiales,0.9700,Lachnospiraceae,0.9100,Clostridium_XlVa,0.5900
Otu480,Bacteria,1.0000,Verrucomicrobia,0.8800,Verrucomicrobiae,0.8700,Verrucomicrobiales,0.8700,Verrucomicrobiaceae,0.8600,Verrucomicrobium,0.5900
Otu482,Bacteria,1.0000,Bacteroidetes,0.8200,Bacteroidia,0.8100,Bacteroidales,0.8100,Porphyromonadaceae,0.4200,Parabacteroides,0.4200
Otu486,Bacteria,0.9900,Firmicutes,0.4400,Bacilli,0.3000,Lactobacillales,0.2800,Lactobacillaceae,0.1400,Bacteroides,0.1400
Otu481,Bacteria,1.0000,Firmicutes,0.9700,Bacilli,0.9700,Lactobacillales,0.9700,Streptococcaceae,0.9600,Streptococcus,0.9600
Otu484,Bacteria,1.0000,Firmicutes,0.9900,Clostridia,0.9900,Clostridiales,0.9900,Lachnospiraceae,0.5800,Vallitalea,0.3800
Otu487,Bacteria,1.0000,Bacteroidetes,0.6800,Bacteroidia,0.6400,Bacteroidales,0.6400,Porphyromonadaceae,0.4600,Porphyromonas,0.4600
Otu483,Bacteria,1.0000,Firmicutes,0.4700,Clostridia,0.3600,Clostridiales,0.3600,Puniceicoccaceae,0.2900,Pelagicoccus,0.2400
Otu488,Bacteria,1.0000,Firmicutes,0.9200,Clostridia,0.9100,Clostridiales,0.9100,Lachnospiraceae,0.8100,Blautia,0.4200
Otu489,Bacteria,1.0000,Bacteroidetes,0.8700,Bacteroidia,0.8400,Bacteroidales,0.8400,Bacteroidaceae,0.8300,Phocaeicola,0.6200
Otu485,Bacteria,1.0000,Firmicutes,0.9800,Clostridia,0.9700,Clostridiales,0.9600,Christensenellaceae,0.4800,Christensenella,0.4800
Otu490,Bacteria,1.0000,Bacteroidetes,0.6400,Cytophagia,0.6000,Cytophagales,0.6000,Cytophagaceae,0.5900,Emticicia,0.5900
Otu491,Bacteria,1.0000,Firmicutes,1.0000,Clostridia,1.0000,Clostridiales,1.0000,Lachnospiraceae,1.0000,Merdimonas,0.7000
Otu492,Bacteria,1.0000,Bacteroidetes,1.0000,Bacteroidia,1.0000,Bacteroidales,1.0000,Muribaculaceae,1.0000,Duncaniella,1.0000
Otu497,Bacteria,1.0000,Proteobacteria,0.2500,Gammaproteobacteria,0.2000,Clostridiales,0.0800,Clostridiaceae_1,0.0800,SR1_genera_incertae_sedis,0.1700
Otu494,Bacteria,1.0000,Candidatus_Saccharibacteria,0.7300,Clostridia,0.1600,Clostridiales,0.1500,Lachnospiraceae,0.0600,Saccharibacteria_genera_incertae_sedis,0.7300
Otu495,Bacteria,1.0000,Firmicutes,0.9900,Clostridia,0.9900,Clostridiales,0.9900,Lachnospiraceae,0.4000,Clostridium_sensu_stricto,0.3600
Otu493,Bacteria,1.0000,Bacteroidetes,0.6400,Cytophagia,0.4500,Cytophagales,0.4500,Flammeovirgaceae,0.4100,Thermonema,0.4100
Otu498,Bacteria,1.0000,Firmicutes,1.0000,Clostridia,1.0000,Clostridiales,1.0000,Ruminococcaceae,0.4700,Papillibacter,0.3600
Otu496,Bacteria,1.0000,Firmicutes,0.5800,Bacilli,0.5100,Lactobacillales,0.3900,Lactobacillaceae,0.3700,Schaalia,0.3500
Otu501,Bacteria,1.0000,Firmicutes,0.8700,Clostridia,0.8700,Clostridiales,0.8700,Lachnospiraceae,0.6200,Eubacterium,0.2500
Otu499,Bacteria,1.0000,Firmicutes,1.0000,Erysipelotrichia,1.0000,Erysipelotrichales,1.0000,Erysipelotrichaceae,1.0000,Faecalicoccus,0.9900
Otu500,Bacteria,1.0000,Actinobacteria,0.9300,Actinobacteria,0.9300,Bifidobacteriales,0.9000,Bifidobacteriaceae,0.9000,Bifidobacterium,0.9000
Otu502,Bacteria,1.0000,Firmicutes,0.6000,Clostridia,0.6000,Clostridiales,0.6000,Lachnospiraceae,0.3300,Vallitalea,0.2600
Otu505,Bacteria,1.0000,Firmicutes,1.0000,Clostridia,1.0000,Clostridiales,1.0000,Lachnospiraceae,1.0000,Butyrivibrio,0.4900
Otu508,Bacteria,0.9900,Firmicutes,0.4600,Clostridia,0.3200,Clostridiales,0.2300,Flavobacteriaceae,0.1900,Flavobacterium,0.1400
Otu507,Bacteria,1.0000,Firmicutes,0.6000,Clostridia,0.6000,Clostridiales,0.6000,Lachnospiraceae,0.5800,Dorea,0.4900
Otu506,Bacteria,1.0000,Firmicutes,0.4000,Clostridia,0.3500,Clostridiales,0.3400,Christensenellaceae,0.2600,Christensenella,0.2600
Otu509,Bacteria,0.9600,Proteobacteria,0.2500,Mollicutes,0.1900,Mycoplasmoidales,0.1800,Metamycoplasmataceae,0.1800,Mesomycoplasma,0.1600
Otu503,Bacteria,1.0000,Firmicutes,1.0000,Clostridia,0.9800,Clostridiales,0.9800,Lachnospiraceae,0.8300,Syntrophococcus,0.6400
Otu504,Bacteria,1.0000,Actinobacteria,1.0000,Actinobacteria,1.0000,Streptosporangiales,0.5400,Thermomonosporaceae,0.5400,Actinomadura,0.5400
Otu510,Bacteria,1.0000,Firmicutes,0.8800,Clostridia,0.8800,Clostridiales,0.8800,Lachnospiraceae,0.7100,Lachnospiracea_incertae_sedis,0.4900
Otu511,Bacteria,1.0000,Firmicutes,0.8000,Clostridia,0.8000,Clostridiales,0.8000,Clostridiaceae_3,0.6900,Brassicibacter,0.6900
Otu512,Bacteria,1.0000,Bacteroidetes,0.9400,Cytophagia,0.6900,Cytophagales,0.6900,Cytophagaceae,0.6000,Emticicia,0.5000
Otu513,Bacteria,1.0000,Firmicutes,0.7600,Clostridia,0.7200,Clostridiales,0.7200,Ruminococcaceae,0.5700,Ruminococcus,0.4700
Otu515,Bacteria,0.9900,Actinobacteria,0.4600,Actinobacteria,0.2600,Micrococcales,0.2100,Coriobacteriaceae,0.1200,Enorma,0.1200
Otu519,Bacteria,0.9600,Bacteroidetes,0.4100,Flavobacteriia,0.2100,Flavobacteriales,0.2100,Flavobacteriaceae,0.1300,Armatimonadetes_gp2,0.0800
Otu514,Bacteria,1.0000,Firmicutes,0.8600,Clostridia,0.8300,Clostridiales,0.8200,Lachnospiraceae,0.6500,Enterocloster,0.3500
Otu517,Bacteria,0.9900,Firmicutes,0.5200,Clostridia,0.2700,Clostridiales,0.2600,Bacillales_incertae_sedis,0.1600,Hydrogenibacillus,0.1600
Otu518,Bacteria,1.0000,Firmicutes,0.9700,Clostridia,0.9700,Clostridiales,0.9700,Lachnospiraceae,0.9600,Anaerosporobacter,0.7600
Otu516,Bacteria,1.0000,Firmicutes,1.0000,Bacilli,1.0000,Bacillales,1.0000,Staphylococcaceae,0.9900,Jeotgalicoccus,0.9900
Otu523,Bacteria,0.5700,Euryarchaeota,0.4200,Thermococci,0.1300,Thermococcales,0.1300,Thermococcaceae,0.1300,Selenomonas,0.0800
Otu521,Bacteria,1.0000,Verrucomicrobia,0.7900,Verrucomicrobiae,0.6700,Verrucomicrobiales,0.6700,Rubritaleaceae,0.3100,Rubritalea,0.3100
Otu520,Bacteria,1.0000,Proteobacteria,0.7300,Betaproteobacteria,0.7100,Burkholderiales,0.7100,Sutterellaceae,0.7100,Turicimonas,0.7100
Otu528,Bacteria,0.9700,Firmicutes,0.4300,Bacilli,0.3100,Bacillales,0.2200,Bacillaceae_2,0.1100,Pediococcus,0.0600
Otu524,Bacteria,1.0000,Chlorobi,0.4700,Chlorobia,0.4700,Chlorobiales,0.4700,Chlorobiaceae,0.4700,Chloroherpeton,0.4700
Otu526,Bacteria,1.0000,Firmicutes,0.9700,Clostridia,0.9200,Clostridiales,0.9100,Ruminococcaceae,0.5500,Acetanaerobacterium,0.5200
Otu522,Bacteria,1.0000,Actinobacteria,0.6900,Coriobacteriia,0.6700,Coriobacteriales,0.4900,Atopobiaceae,0.4900,Olsenella,0.4900
Otu527,Bacteria,1.0000,Firmicutes,1.0000,Erysipelotrichia,1.0000,Erysipelotrichales,1.0000,Erysipelotrichaceae,1.0000,Kandleria,0.4100
Otu531,Bacteria,1.0000,Firmicutes,0.9200,Clostridia,0.9200,Clostridiales,0.9200,Lachnospiraceae,0.9200,Marvinbryantia,0.8200
Otu525,Bacteria,1.0000,Bacteroidetes,0.8500,Bacteroidia,0.8000,Bacteroidales,0.8000,Porphyromonadaceae,0.5100,Porphyromonas,0.5100
Otu532,Bacteria,1.0000,Firmicutes,0.9500,Clostridia,0.9500,Clostridiales,0.9500,Lachnospiraceae,0.9500,Coprococcus,0.4700
Otu529,Bacteria,1.0000,Firmicutes,0.8000,Clostridia,0.8000,Clostridiales,0.5800,Lachnospiraceae,0.2500,Thermoanaerobacter,0.2100
Otu530,Bacteria,1.0000,Firmicutes,0.4800,Clostridia,0.4500,Clostridiales,0.4000,Acholeplasmataceae,0.3600,Acholeplasma,0.3600
Otu533,Bacteria,1.0000,Firmicutes,1.0000,Clostridia,1.0000,Clostridiales,1.0000,Lachnospiraceae,0.9100,Eisenbergiella,0.2600
Otu536,Bacteria,0.9800,Proteobacteria,0.3400,Gammaproteobacteria,0.1800,Puniceicoccales,0.1700,Puniceicoccaceae,0.1700,Pelagicoccus,0.1500
Otu534,Bacteria,1.0000,Firmicutes,1.0000,Clostridia,1.0000,Clostridiales,1.0000,Lachnospiraceae,0.8300,Blautia,0.1900
Otu538,Bacteria,0.9200,Firmicutes,0.3400,Bacilli,0.2300,Bacillales,0.2200,Bacillaceae_2,0.1000,Bacillus,0.0700
Otu535,Bacteria,1.0000,Bacteroidetes,1.0000,Bacteroidia,1.0000,Bacteroidales,1.0000,Muribaculaceae,0.9700,Muribaculum,0.9700
Otu537,Bacteria,1.0000,Firmicutes,0.6500,Clostridia,0.6000,Clostridiales,0.6000,Lachnospiraceae,0.2600,Anaerostipes,0.2600
Otu539,Bacteria,1.0000,Firmicutes,1.0000,Clostridia,0.9900,Clostridiales,0.9900,Ruminococcaceae,0.7500,Tepidibaculum,0.5800
Otu543,Bacteria,1.0000,Firmicutes,0.8900,Bacilli,0.4300,Lactobacillales,0.2700,Lactobacillaceae,0.2400,Ligilactobacillus,0.2000
Otu540,Bacteria,1.0000,Actinobacteria,0.9600,Coriobacteriia,0.9600,Eggerthellales,0.5000,Eggerthellaceae,0.5000,Collinsella,0.4200
Otu542,Bacteria,1.0000,Firmicutes,0.5400,Bacilli,0.4300,Lactobacillales,0.2400,Lactobacillaceae,0.2400,Amylolactobacillus,0.2400
Otu545,Bacteria,1.0000,Bacteroidetes,0.9800,Cytophagia,0.4700,Cytophagales,0.4700,Sphingobacteriaceae,0.4000,Sphingobacterium,0.3000
Otu541,Bacteria,1.0000,Bacteroidetes,0.9900,Bacteroidia,0.9400,Bacteroidales,0.9400,Odoribacteraceae,0.5600,Odoribacter,0.5600
Otu544,Bacteria,1.0000,Bacteroidetes,0.5900,Cytophagia,0.5900,Cytophagales,0.5900,Cytophagaceae,0.4700,Runella,0.1900
Otu548,Bacteria,0.7700,Firmicutes,0.2300,Halobacteria,0.1900,Halobacteriales,0.1800,Halobacteriaceae,0.1500,Halarchaeum,0.0900
Otu546,Bacteria,1.0000,Firmicutes,0.9400,Bacilli,0.6500,Lactobacillales,0.5800,Lactobacillaceae,0.4500,Lactobacillus,0.3900
Otu547,Bacteria,1.0000,Firmicutes,0.5900,Clostridia,0.3900,Clostridiales,0.3900,Cytophagaceae,0.2100,Runella,0.2100
Otu549,Bacteria,1.0000,Tenericutes,0.5600,Mollicutes,0.5600,Acholeplasmatales,0.5200,Acholeplasmataceae,0.5200,Acholeplasma,0.5200
Otu552,Bacteria,1.0000,Bacteroidetes,0.9600,Bacteroidia,0.9500,Bacteroidales,0.9500,Bacteroidaceae,0.6900,Phocaeicola,0.5700
Otu550,Bacteria,1.0000,Firmicutes,0.9200,Clostridia,0.6700,Clostridiales,0.6700,Lachnospiraceae,0.4900,Parasporobacterium,0.4700
Otu551,Bacteria,1.0000,Firmicutes,0.9900,Clostridia,0.9900,Clostridiales,0.9900,Lachnospiraceae,0.7100,Lachnobacterium,0.2100
Otu556,Bacteria,0.9900,Firmicutes,0.4100,Negativicutes,0.2400,Veillonellales,0.2200,Veillonellaceae,0.2200,Flavobacterium,0.1600
Otu555,Bacteria,0.9800,Bacteroidetes,0.3700,Bacteroidia,0.3200,Bacteroidales,0.3200,Rikenellaceae,0.2400,Alistipes,0.2400
Otu553,Bacteria,1.0000,Proteobacteria,0.3400,Alphaproteobacteria,0.2300,Rhodospirillales,0.2300,Rhodospirillaceae,0.2100,Inquilinus,0.2100
Otu554,Bacteria,1.0000,Bacteroidetes,0.9100,Cytophagia,0.9100,Cytophagales,0.9100,Cytophagaceae,0.4100,Cytophaga,0.3900
Otu558,Bacteria,1.0000,Chlorobi,0.4900,Chlorobia,0.4900,Chlorobiales,0.4900,Chlorobiaceae,0.4900,Chloroherpeton,0.4900
Otu557,Bacteria,1.0000,Actinobacteria,0.6100,Coriobacteriia,0.5900,Eggerthellales,0.4600,Eggerthellaceae,0.4600,Raoultibacter,0.2500
Otu563,Bacteria,0.9800,Firmicutes,0.4700,Bacilli,0.3700,Bacillales,0.2700,Bacillaceae_2,0.1400,Amphibacillus,0.0600
Otu559,Bacteria,1.0000,Parcubacteria,0.3700,Cytophagia,0.3300,Cytophagales,0.3300,Cytophagaceae,0.3300,Parcubacteria_genera_incertae_sedis,0.3700
Otu560,Bacteria,1.0000,Firmicutes,0.9800,Clostridia,0.9800,Clostridiales,0.9800,Lachnospiraceae,0.3600,Clostridium_sensu_stricto,0.3200
Otu561,Bacteria,1.0000,Bacteroidetes,0.8100,Cytophagia,0.3200,Cytophagales,0.3200,Flammeovirgaceae,0.2500,Persicobacter,0.2100
Otu566,Bacteria,0.9600,Bacteroidetes,0.3700,Gammaproteobacteria,0.2600,Alteromonadales,0.2000,Pseudoalteromonadaceae,0.2000,Pseudoalteromonas,0.2000
Otu564,Bacteria,1.0000,Firmicutes,0.9500,Clostridia,0.9500,Clostridiales,0.9500,Vallitaleaceae,0.9300,Vallitalea,0.9300
Otu562,Bacteria,1.0000,Firmicutes,1.0000,Clostridia,1.0000,Clostridiales,1.0000,Peptostreptococcaceae,1.0000,Paraclostridium,0.9800
Otu565,Bacteria,1.0000,Firmicutes,0.9100,Clostridia,0.9100,Clostridiales,0.9100,Vallitaleaceae,0.7700,Vallitalea,0.7700
Otu567,Archaea,0.9100,Crenarchaeota,0.8800,Thermoprotei,0.8800,Thermoproteales,0.5100,Thermoproteaceae,0.5100,Caldivirga,0.3900
Otu568,Bacteria,0.9700,Proteobacteria,0.4900,Betaproteobacteria,0.3700,Burkholderiales,0.3700,Comamonadaceae,0.3300,Extensimonas,0.1400
Otu569,Bacteria,1.0000,Firmicutes,0.7500,Clostridia,0.7500,Clostridiales,0.7500,Lachnospiraceae,0.7500,Enterocloster,0.7500
Otu570,Bacteria,1.0000,Firmicutes,0.7300,Bacilli,0.5600,Lactobacillales,0.5500,Carnobacteriaceae,0.4800,Marinilactibacillus,0.4000
Otu576,Bacteria,0.8700,Proteobacteria,0.4400,Gammaproteobacteria,0.3000,Pasteurellales,0.2700,Pasteurellaceae,0.2700,Rodentibacter,0.1800
Otu572,Bacteria,1.0000,Firmicutes,0.5500,Bacilli,0.5500,Bacillales,0.5400,Staphylococcaceae,0.5400,Jeotgalicoccus,0.5400
Otu578,Bacteria,0.9500,Bacteroidetes,0.3500,Cytophagia,0.2200,Cytophagales,0.2200,Hymenobacteraceae,0.1900,Hymenobacter,0.1800
Otu571,Bacteria,0.9000,Firmicutes,0.5200,Clostridia,0.4800,Halanaerobiales,0.3000,Halobacteroidaceae,0.3000,Selenihalanaerobacter,0.1700
Otu574,Bacteria,1.0000,Firmicutes,0.9500,Clostridia,0.9500,Clostridiales,0.9500,Lachnospiraceae,0.7700,Catonella,0.3000
Otu573,Bacteria,1.0000,Firmicutes,0.8400,Bacilli,0.4200,Lactobacillales,0.4200,Aerococcaceae,0.3400,Facklamia,0.3400
Otu575,Bacteria,1.0000,Firmicutes,0.4700,Clostridia,0.4700,Clostridiales,0.4700,Muribaculaceae,0.2400,Duncaniella,0.2300
Otu577,Bacteria,1.0000,Proteobacteria,1.0000,Alphaproteobacteria,1.0000,Rhizobiales,1.0000,Methylobacteriaceae,1.0000,Methylobacterium,0.9900
Otu580,Bacteria,0.9700,Firmicutes,0.3500,Bacilli,0.2500,Bacillales,0.2200,Streptosporangiaceae,0.1200,Planotetraspora,0.0800
Otu581,Bacteria,0.8300,Firmicutes,0.4500,Bacilli,0.3900,Bacillales,0.3900,Bacillaceae_2,0.2300,Natribacillus,0.1700
Otu586,Bacteria,0.7500,Firmicutes,0.3200,Bacilli,0.2400,Bacillales,0.2200,Methanobacteriaceae,0.2200,Methanobrevibacter,0.2200
Otu579,Bacteria,1.0000,Proteobacteria,1.0000,Gammaproteobacteria,1.0000,Pseudomonadales,0.9900,Moraxellaceae,0.9900,Acinetobacter,0.9900
Otu582,Bacteria,1.0000,Firmicutes,0.8500,Clostridia,0.8500,Clostridiales,0.8500,Vallitaleaceae,0.4300,Vallitalea,0.4300
Otu583,Bacteria,1.0000,Firmicutes,0.6000,Clostridia,0.6000,Clostridiales,0.6000,Ruminococcaceae,0.5600,Sporobacter,0.2500
Otu584,Bacteria,0.8600,Bacteroidetes,0.8300,Bacteroidia,0.8100,Bacteroidales,0.8100,Odoribacteraceae,0.4700,Odoribacter,0.4700
Otu587,Bacteria,1.0000,Bacteroidetes,0.9300,Bacteroidia,0.8400,Bacteroidales,0.8400,Prolixibacteraceae,0.8300,Mangrovibacterium,0.6700
Otu585,Bacteria,1.0000,Firmicutes,1.0000,Erysipelotrichia,1.0000,Erysipelotrichales,1.0000,Erysipelotrichaceae,1.0000,Kandleria,0.4100
Otu588,Bacteria,1.0000,Bacteroidetes,1.0000,Bacteroidia,0.5500,Bacteroidales,0.5500,Prevotellaceae,0.4700,Emticicia,0.4500
Otu589,Bacteria,1.0000,Bacteroidetes,0.9800,Cytophagia,0.9600,Cytophagales,0.9600,Cytophagaceae,0.8100,Cytophaga,0.5400
Otu593,Bacteria,0.9800,Firmicutes,0.7200,Clostridia,0.4500,Clostridiales,0.4500,Lachnospiraceae,0.4300,Howardella,0.3300
Otu592,Bacteria,1.0000,Bacteroidetes,0.6200,Erysipelotrichia,0.3600,Erysipelotrichales,0.3600,Erysipelotrichaceae,0.3600,Faecalicoccus,0.3600
Otu590,Bacteria,1.0000,Proteobacteria,0.8100,Betaproteobacteria,0.4900,Neisseriales,0.2500,Neisseriaceae,0.2300,Alysiella,0.2300
Otu594,Bacteria,1.0000,Bacteroidetes,0.9800,Bacteroidia,0.9600,Bacteroidales,0.9600,Dysgonomonadaceae,0.7400,Dysgonomonas,0.7300
Otu591,Bacteria,1.0000,Firmicutes,0.7800,Bacilli,0.7400,Bacillales,0.7400,Bacillales_Incertae_Sedis_X,0.3100,Thermicanus,0.3100
Otu597,Bacteria,1.0000,Bacteroidetes,1.0000,Bacteroidia,1.0000,Bacteroidales,1.0000,Bacteroidaceae,1.0000,Bacteroides,1.0000
Otu595,Bacteria,1.0000,Proteobacteria,0.9900,Betaproteobacteria,0.8300,Burkholderiales,0.3900,Sutterellaceae,0.2100,Neisseria,0.2000
Otu598,Bacteria,1.0000,Firmicutes,0.9900,Erysipelotrichia,0.8200,Erysipelotrichales,0.8200,Erysipelotrichaceae,0.8200,Dubosiella,0.3000
Otu596,Bacteria,1.0000,Firmicutes,0.5200,Mollicutes,0.3800,Bacillales,0.3200,Alicyclobacillaceae,0.3100,Alicyclobacillus,0.3100
Otu600,Bacteria,1.0000,Bacteroidetes,0.9800,Bacteroidia,0.8800,Bacteroidales,0.8800,Dysgonomonadaceae,0.5000,Dysgonomonas,0.5000
Otu599,Bacteria,1.0000,Firmicutes,1.0000,Clostridia,0.9700,Clostridiales,0.9700,Ruminococcaceae,0.5000,Herbinix,0.2400
Otu604,Bacteria,0.9700,Firmicutes,0.4100,Bacilli,0.2200,Bacillales,0.2000,Coriobacteriaceae,0.1500,Enorma,0.1500
Otu602,Bacteria,1.0000,Bacteroidetes,0.9600,Bacteroidia,0.5800,Bacteroidales,0.5800,Bacteroidaceae,0.5200,Bacteroides,0.5200
Otu601,Bacteria,1.0000,Firmicutes,0.9800,Clostridia,0.9800,Clostridiales,0.9800,Lachnospiraceae,0.9700,Anaerotignum,0.9600
Otu603,Bacteria,0.9400,Firmicutes,0.8900,Bacilli,0.7300,Bacillales,0.7300,Paenibacillaceae_1,0.3700,Paenibacillus,0.3100
Otu605,Bacteria,1.0000,Firmicutes,0.6500,Clostridia,0.4500,Clostridiales,0.4400,Clostridiales_Incertae_Sedis_XIII,0.2100,Akkermansia,0.1800
Otu607,Bacteria,1.0000,Firmicutes,0.9500,Erysipelotrichia,0.5300,Erysipelotrichales,0.5300,Erysipelotrichaceae,0.5300,Faecalicoccus,0.4400
Otu606,Bacteria,1.0000,Bacteroidetes,0.6300,Bacteroidia,0.6300,Bacteroidales,0.6300,Bacteroidaceae,0.6300,Anaerorhabdus,0.6300
Otu608,Bacteria,1.0000,Firmicutes,0.6400,Erysipelotrichia,0.5800,Erysipelotrichales,0.5800,Erysipelotrichaceae,0.5800,Dubosiella,0.2900
Otu610,Bacteria,1.0000,Bacteroidetes,0.7300,Cytophagia,0.3300,Cytophagales,0.3300,Cytophagaceae,0.3300,Duncaniella,0.2600
Otu609,Bacteria,1.0000,Firmicutes,0.5700,Erysipelotrichia,0.5600,Erysipelotrichales,0.5600,Erysipelotrichaceae,0.5600,Faecalicoccus,0.5500
Otu611,Bacteria,1.0000,Verrucomicrobia,1.0000,Verrucomicrobiae,1.0000,Verrucomicrobiales,1.0000,Verrucomicrobiaceae,0.9800,Brevifollis,0.5000
Otu612,Bacteria,1.0000,Firmicutes,0.4900,Clostridia,0.4900,Clostridiales,0.4800,Sphingobacteriaceae,0.2600,Cellulosilyticum,0.2000
Otu615,Bacteria,1.0000,Bacteroidetes,0.8100,Bacteroidia,0.8100,Bacteroidales,0.8100,Muribaculaceae,0.3200,Muribaculum,0.3200
Otu613,Bacteria,0.9900,Firmicutes,0.9600,Bacilli,0.9200,Lactobacillales,0.5100,Carnobacteriaceae,0.3300,Trichococcus,0.3100
Otu614,Bacteria,1.0000,Firmicutes,0.6100,Clostridia,0.6100,Clostridiales,0.6100,Vallitaleaceae,0.4800,Vallitalea,0.4800
Otu617,Bacteria,1.0000,Firmicutes,1.0000,Clostridia,1.0000,Clostridiales,1.0000,Lachnospiraceae,1.0000,Anaerobutyricum,0.8100
Otu622,Bacteria,1.0000,Firmicutes,0.6500,Clostridia,0.4900,Clostridiales,0.4900,Lachnospiraceae,0.3200,Lachnoanaerobaculum,0.3000
Otu618,Bacteria,1.0000,Firmicutes,0.9400,Clostridia,0.9400,Clostridiales,0.9400,Ruminococcaceae,0.9200,Acetivibrio,0.7600
Otu620,Bacteria,1.0000,Bacteroidetes,0.9800,Cytophagia,0.9200,Cytophagales,0.9200,Cytophagaceae,0.6000,Emticicia,0.4400
Otu616,Bacteria,1.0000,Firmicutes,0.8200,Bacilli,0.5500,Lactobacillales,0.4100,Sporomusaceae,0.2300,Thermosinus,0.2000
Otu619,Bacteria,1.0000,Firmicutes,0.8200,Erysipelotrichia,0.4800,Erysipelotrichales,0.4800,Erysipelotrichaceae,0.4800,Staphylococcus,0.1500
Otu621,Bacteria,1.0000,Firmicutes,1.0000,Clostridia,0.5100,Clostridiales,0.5100,Ruminococcaceae,0.5000,Acetanaerobacterium,0.2200
Otu624,Bacteria,1.0000,Bacteroidetes,1.0000,Cytophagia,0.7800,Cytophagales,0.7800,Cytophagaceae,0.7500,Emticicia,0.6300
Otu623,Bacteria,1.0000,Verrucomicrobia,0.9400,Verrucomicrobiae,0.9400,Verrucomicrobiales,0.9400,Akkermansiaceae,0.9400,Akkermansia,0.9400
Otu625,Bacteria,1.0000,Actinobacteria,0.7200,Coriobacteriia,0.7200,Eggerthellales,0.7100,Eggerthellaceae,0.7100,Adlercreutzia,0.7100
Otu626,Bacteria,1.0000,Bacteroidetes,0.7000,Sphingobacteriia,0.6600,Sphingobacteriales,0.6600,Sphingobacteriaceae,0.6600,Olivibacter,0.5200
Otu628,Bacteria,1.0000,Tenericutes,0.3900,Mollicutes,0.3900,Acholeplasmatales,0.3800,Acholeplasmataceae,0.3800,Acholeplasma,0.3800
Otu627,Bacteria,1.0000,Bacteroidetes,0.9900,Cytophagia,0.9900,Cytophagales,0.9900,Cytophagaceae,0.8200,Cytophaga,0.7500
Otu629,Bacteria,1.0000,Firmicutes,0.9900,Clostridia,0.9900,Clostridiales,0.9900,Vallitaleaceae,0.6300,Vallitalea,0.6300
Otu632,Bacteria,1.0000,Firmicutes,0.6900,Clostridia,0.6900,Clostridiales,0.6900,Lachnospiraceae,0.5800,Agathobacter,0.4300
Otu634,Bacteria,1.0000,Firmicutes,0.4500,Bacilli,0.3400,Lactobacillales,0.3400,Lactobacillaceae,0.3400,Lacticaseibacillus,0.3300
Otu630,Bacteria,1.0000,Firmicutes,1.0000,Erysipelotrichia,0.9500,Erysipelotrichales,0.9500,Erysipelotrichaceae,0.9500,Erysipelothrix,0.2400
Otu631,Bacteria,1.0000,Bacteroidetes,0.9800,Bacteroidia,0.9600,Bacteroidales,0.9600,Marinilabiliaceae,0.3200,Marinilabilia,0.3000
Otu633,Bacteria,1.0000,Bacteroidetes,1.0000,Bacteroidia,0.6900,Bacteroidales,0.6900,Prevotellaceae,0.4000,Prevotella,0.2300
Otu636,Bacteria,1.0000,Firmicutes,0.6400,Clostridia,0.6400,Clostridiales,0.6400,Lachnospiraceae,0.3400,Blautia,0.1500
Otu635,Bacteria,1.0000,Bacteroidetes,0.9900,Bacteroidia,0.9300,Bacteroidales,0.9300,Dysgonomonadaceae,0.4400,Dysgonomonas,0.4400
Otu640,Bacteria,1.0000,Proteobacteria,0.3600,Gammaproteobacteria,0.3400,Clostridiales,0.2200,Fusobacteriaceae,0.1200,Moraxella,0.1100
Otu638,Bacteria,1.0000,Verrucomicrobia,0.7300,Verrucomicrobiae,0.7000,Verrucomicrobiales,0.7000,Verrucomicrobiaceae,0.5200,Brevifollis,0.2700
Otu639,Bacteria,1.0000,Bacteroidetes,0.9600,Bacteroidia,0.7000,Bacteroidales,0.7000,Dysgonomonadaceae,0.2900,Dysgonomonas,0.2900
Otu637,Bacteria,1.0000,Bacteroidetes,0.9000,Cytophagia,0.9000,Cytophagales,0.9000,Roseivirgaceae,0.5300,Roseivirga,0.5300
Otu644,Bacteria,0.9600,Proteobacteria,0.3700,Gammaproteobacteria,0.2400,Bacillales,0.0800,Bacillaceae_2,0.0700,Gp5,0.0900
Otu643,Bacteria,1.0000,Bacteroidetes,0.9700,Bacteroidia,0.9600,Bacteroidales,0.9600,Marinilabiliaceae,0.2300,Dysgonomonas,0.2200
Otu642,Bacteria,1.0000,Bacteroidetes,0.5400,Bacteroidia,0.5100,Bacteroidales,0.5100,Clostridiaceae_1,0.3300,Clostridium_sensu_stricto,0.3300
Otu641,Bacteria,1.0000,Firmicutes,0.8700,Clostridia,0.8700,Clostridiales,0.8700,Clostridiaceae_1,0.8200,Caloramator,0.7600
Otu645,Bacteria,1.0000,Proteobacteria,1.0000,Alphaproteobacteria,1.0000,Rhizobiales,1.0000,Brucellaceae,0.9700,Brucella,0.9700
Otu646,Bacteria,1.0000,Firmicutes,0.7400,Clostridia,0.7300,Clostridiales,0.6100,Clostridiaceae_1,0.3000,Clostridium_sensu_stricto,0.2600
Otu647,Bacteria,1.0000,Firmicutes,1.0000,Clostridia,1.0000,Clostridiales,1.0000,Lachnospiraceae,0.9800,Coprococcus,0.3300
Otu648,Bacteria,1.0000,Firmicutes,0.9200,Erysipelotrichia,0.8800,Erysipelotrichales,0.8800,Erysipelotrichaceae,0.8800,Absicoccus,0.6100
Otu653,Bacteria,0.6700,Euryarchaeota,0.2600,Halobacteria,0.2600,Haloferacales,0.1400,Halorubraceae,0.1400,Salinigranum,0.0900
Otu650,Bacteria,1.0000,Firmicutes,0.7300,Clostridia,0.7300,Clostridiales,0.7300,Lachnospiraceae,0.6400,Cellulosilyticum,0.5800
Otu651,Bacteria,1.0000,Firmicutes,0.9700,Clostridia,0.9600,Clostridiales,0.9600,Lachnospiraceae,0.8500,Extibacter,0.8100
Otu649,Bacteria,0.9500,Firmicutes,0.5700,Bacilli,0.4500,Bacillales,0.4400,Coriobacteriaceae,0.3700,Coriobacterium,0.3700
Otu652,Bacteria,1.0000,Firmicutes,0.9900,Erysipelotrichia,0.8600,Erysipelotrichales,0.8600,Erysipelotrichaceae,0.8600,Allobaculum,0.2900
Otu654,Bacteria,1.0000,Bacteroidetes,0.6200,Chitinophagia,0.4600,Chitinophagales,0.4600,Chitinophagaceae,0.4600,Parafilimonas,0.4500
Otu657,Archaea,0.5200,Crenarchaeota,0.2900,Thermoprotei,0.2900,Thermoproteales,0.2900,Thermoproteaceae,0.2800,Pyrobaculum,0.1800
Otu659,Archaea,0.6400,Euryarchaeota,0.5300,Halobacteria,0.4400,Halobacteriales,0.4100,Halobacteriaceae,0.4100,Halococcus,0.2100
Otu656,Bacteria,1.0000,Firmicutes,0.5300,Clostridia,0.5300,Clostridiales,0.5300,Clostridiaceae_3,0.3700,Brassicibacter,0.3700
Otu658,Bacteria,1.0000,Firmicutes,0.9800,Erysipelotrichia,0.9200,Erysipelotrichales,0.9200,Erysipelotrichaceae,0.9200,Faecalicoccus,0.6400
Otu655,Bacteria,1.0000,Firmicutes,0.9700,Bacilli,0.8400,Lactobacillales,0.8300,Lactobacillaceae,0.7800,Bombilactobacillus,0.6600
Otu660,Bacteria,1.0000,Bacteroidetes,0.5300,Clostridia,0.4700,Clostridiales,0.4700,Muribaculaceae,0.4400,Paramuribaculum,0.4400
Otu665,Bacteria,0.9400,Firmicutes,0.2500,Actinobacteria,0.2400,Micrococcales,0.1600,Eubacteriaceae,0.0800,Saccharibacteria_genera_incertae_sedis,0.1100
Otu663,Bacteria,0.9900,Firmicutes,0.3500,Clostridia,0.2100,Clostridiales,0.2000,Lachnospiraceae,0.1700,Anaerotignum,0.1700
Otu661,Bacteria,1.0000,Proteobacteria,1.0000,Alphaproteobacteria,1.0000,Rhodospirillales,1.0000,Acetobacteraceae,1.0000,Roseomonas,1.0000
Otu664,Bacteria,1.0000,Firmicutes,0.9500,Clostridia,0.9500,Clostridiales,0.9500,Ruminococcaceae,0.6000,Oscillibacter,0.2900
Otu662,Bacteria,1.0000,Bacteroidetes,0.9300,Bacteroidia,0.8800,Bacteroidales,0.8800,Bacteroidaceae,0.5300,Bacteroides,0.3600
Otu666,Bacteria,1.0000,Firmicutes,1.0000,Erysipelotrichia,1.0000,Erysipelotrichales,1.0000,Erysipelotrichaceae,1.0000,Allobaculum,0.8500
Otu668,Bacteria,1.0000,Bacteroidetes,1.0000,Cytophagia,0.7000,Cytophagales,0.7000,Cytophagaceae,0.7000,Emticicia,0.5300
Otu667,Bacteria,1.0000,Firmicutes,0.8000,Clostridia,0.5700,Clostridiales,0.5700,Clostridiaceae_1,0.5100,Clostridium_sensu_stricto,0.5100
Otu669,Bacteria,1.0000,Firmicutes,0.9900,Clostridia,0.9900,Clostridiales,0.9800,Ruminococcaceae,0.6800,Ruminococcus,0.3600
Otu671,Bacteria,1.0000,Bacteroidetes,0.5500,Bacteroidia,0.5500,Bacteroidales,0.5500,Bacteroidaceae,0.4300,Phocaeicola,0.3500
Otu670,Bacteria,1.0000,Bacteroidetes,0.8500,Bacteroidia,0.8500,Bacteroidales,0.8500,Bacteroidaceae,0.8500,Bacteroides,0.8500
Otu674,Bacteria,1.0000,Actinobacteria,0.2700,Actinobacteria,0.2600,Rhodobacterales,0.2100,Rhodobacteraceae,0.2100,Rhodovulum,0.2000
Otu672,Bacteria,1.0000,Firmicutes,0.5000,Erysipelotrichia,0.5000,Erysipelotrichales,0.5000,Erysipelotrichaceae,0.5000,Duncaniella,0.3400
Otu673,Bacteria,1.0000,Firmicutes,0.8700,Clostridia,0.8600,Clostridiales,0.8600,Ruminococcaceae,0.4500,Agathobaculum,0.3000
Otu677,Bacteria,0.9600,Proteobacteria,0.3400,Gammaproteobacteria,0.2800,Gammaproteobacteria_incertae_sedis,0.1800,Streptococcaceae,0.1100,Candidatus_Carsonella,0.1800
Otu675,Bacteria,1.0000,Bacteroidetes,0.7400,Sphingobacteriia,0.3300,Sphingobacteriales,0.3300,Sphingobacteriaceae,0.3300,Sphingobacterium,0.2700
Otu680,Bacteria,0.9200,Firmicutes,0.6500,Bacilli,0.3700,Bacillales,0.3700,Bacillaceae_2,0.2100,Terribacillus,0.2100
Otu682,Bacteria,0.9900,Proteobacteria,0.4800,Gammaproteobacteria,0.4200,Xanthomonadales,0.2000,Xanthomonadaceae,0.1800,Pseudoxanthomonas,0.1200
Otu676,Bacteria,1.0000,Firmicutes,0.6100,Cytophagia,0.3400,Cytophagales,0.3400,Selenomonadaceae,0.2600,Anaerovibrio,0.2000
Otu684,Bacteria,0.9600,Actinobacteria,0.4600,Actinobacteria,0.4400,Propionibacteriales,0.3100,Nocardioidaceae,0.2700,Nocardioides,0.2700
Otu681,Bacteria,1.0000,Firmicutes,0.9200,Clostridia,0.9200,Clostridiales,0.9200,Lachnospiraceae,0.9200,Marvinbryantia,0.7200
Otu683,Bacteria,1.0000,Firmicutes,1.0000,Erysipelotrichia,0.6000,Erysipelotrichales,0.6000,Erysipelotrichaceae,0.6000,Anaerostipes,0.3900
Otu678,Bacteria,1.0000,Bacteroidetes,0.5500,Cytophagia,0.4400,Cytophagales,0.4400,Flammeovirgaceae,0.2300,Flammeovirga,0.2300
Otu679,Bacteria,1.0000,Verrucomicrobia,0.6600,Verrucomicrobiae,0.6600,Verrucomicrobiales,0.6600,Akkermansiaceae,0.4500,Akkermansia,0.4500
Otu685,Bacteria,1.0000,Actinobacteria,0.8900,Coriobacteriia,0.8900,Eggerthellales,0.8900,Eggerthellaceae,0.8900,Raoultibacter,0.6600
