[Header],,,,,,,,,
IEMFileVersion,4,,,,,,,,
Investigator Name,GU,,,,,,,,
Experiment Name,20230612_BulkMaPS_GBT_cultivage_mousePilot2_16SV4,,,,,,,,
Date,6/12/23,,,,,,,,
Workflow,GenerateFASTQ,,,,,,,,
Application,FASTQ Only,,,,,,,,
Assay,TruSeq LT,,,,,,,,
Description,,,,,,,,,
Chemistry,Amplicon,,,,,,,,
,,,,,,,,,
[Reads],,,,,,,,,
154,,,,,,,,,
154,,,,,,,,,
,,,,,,,,,
[Settings],,,,,,,,,
ReverseComplement,0,,,,,,,,
Adapter,AGATCGGAAGAGCACACGTCTGAACTCCAGTCA,,,,,,,,
AdapterRead2,AGATCGGAAGAGCGTCGTGTAGGGAAAGAGTGT,,,,,,,,
,,,,,,,,,
[Data],,,,,,,,,
Sample_ID,Sample_Name,Sample_Plate,Sample_Well,I7_Index_ID,index,I5_Index_ID,index2,Sample_Project,Description
20230501lav11P1A1,,,,16Sr_713,ATTGTAAT,16Sf_525,CTGAATTC,,
20230501lav12P1A2,,,,16Sr_714,GATCATTC,16Sf_525,CTGAATTC,,
20230501lav13P1A3,,,,16Sr_715,ACCGATCG,16Sf_525,CTGAATTC,,
20230501lav14P1A4,,,,16Sr_716,CCGTTATT,16Sf_525,CTGAATTC,,
20230501lav15P1A5,,,,16Sr_717,TTCTTCTA,16Sf_525,CTGAATTC,,
20230501lav41P1A6,,,,16Sr_718,TACCTGAC,16Sf_525,CTGAATTC,,
20230504lav11P1A7,,,,16Sr_719,AGGACCGC,16Sf_525,CTGAATTC,,
20230504lav12P1A8,,,,16Sr_720,GTCCGATT,16Sf_525,CTGAATTC,,
20230504lav13P1A9,,,,16Sr_721,CACGAGTT,16Sf_525,CTGAATTC,,
20230504lav14P1A10,,,,16Sr_722,CCACGGCC,16Sf_525,CTGAATTC,,
20230504lav15P1A11,,,,16Sr_723,ACATGTAA,16Sf_525,CTGAATTC,,
20230504lav41P1A12,,,,16Sr_724,TGTTAACT,16Sf_525,CTGAATTC,,
20230501lav21P1B1,,,,16Sr_713,ATTGTAAT,16Sf_526,CGTACCGG,,
20230501lav22P1B2,,,,16Sr_714,GATCATTC,16Sf_526,CGTACCGG,,
20230501lav23P1B3,,,,16Sr_715,ACCGATCG,16Sf_526,CGTACCGG,,
20230501lav24P1B4,,,,16Sr_716,CCGTTATT,16Sf_526,CGTACCGG,,
20230501lav42P1B5,,,,16Sr_717,TTCTTCTA,16Sf_526,CGTACCGG,,
20230501lav43P1B6,,,,16Sr_718,TACCTGAC,16Sf_526,CGTACCGG,,
20230504lav21P1B7,,,,16Sr_719,AGGACCGC,16Sf_526,CGTACCGG,,
20230504lav22P1B8,,,,16Sr_720,GTCCGATT,16Sf_526,CGTACCGG,,
20230504lav23P1B9,,,,16Sr_721,CACGAGTT,16Sf_526,CGTACCGG,,
20230504lav24P1B10,,,,16Sr_722,CCACGGCC,16Sf_526,CGTACCGG,,
20230504lav42P1B11,,,,16Sr_723,ACATGTAA,16Sf_526,CGTACCGG,,
20230504lav43P1B12,,,,16Sr_724,TGTTAACT,16Sf_526,CGTACCGG,,
20230501lav31P1C1,,,,16Sr_713,ATTGTAAT,16Sf_527,GATGACGG,,
20230501lav32P1C2,,,,16Sr_714,GATCATTC,16Sf_527,GATGACGG,,
20230501lav33P1C3,,,,16Sr_715,ACCGATCG,16Sf_527,GATGACGG,,
20230501lav34P1C4,,,,16Sr_716,CCGTTATT,16Sf_527,GATGACGG,,
20230501lav44P1C5,,,,16Sr_717,TTCTTCTA,16Sf_527,GATGACGG,,
20230501lav45P1C6,,,,16Sr_718,TACCTGAC,16Sf_527,GATGACGG,,
20230504lav31P1C7,,,,16Sr_719,AGGACCGC,16Sf_527,GATGACGG,,
20230504lav32P1C8,,,,16Sr_720,GTCCGATT,16Sf_527,GATGACGG,,
20230504lav33P1C9,,,,16Sr_721,CACGAGTT,16Sf_527,GATGACGG,,
20230504lav34P1C10,,,,16Sr_722,CCACGGCC,16Sf_527,GATGACGG,,
20230504lav44P1C11,,,,16Sr_723,ACATGTAA,16Sf_527,GATGACGG,,
20230504lav45P1C12,,,,16Sr_724,TGTTAACT,16Sf_527,GATGACGG,,
20230506lav11P1E1,,,,16Sr_713,ATTGTAAT,16Sf_529,GTCATTGA,,
20230506lav12P1E2,,,,16Sr_714,GATCATTC,16Sf_529,GTCATTGA,,
20230506lav13P1E3,,,,16Sr_715,ACCGATCG,16Sf_529,GTCATTGA,,
20230506lav14P1E4,,,,16Sr_716,CCGTTATT,16Sf_529,GTCATTGA,,
20230506lav15P1E5,,,,16Sr_717,TTCTTCTA,16Sf_529,GTCATTGA,,
20230506lav41P1E6,,,,16Sr_718,TACCTGAC,16Sf_529,GTCATTGA,,
20230508lav11P1E7,,,,16Sr_719,AGGACCGC,16Sf_529,GTCATTGA,,
20230508lav12P1E8,,,,16Sr_720,GTCCGATT,16Sf_529,GTCATTGA,,
20230508lav13P1E9,,,,16Sr_721,CACGAGTT,16Sf_529,GTCATTGA,,
20230508lav14P1E10,,,,16Sr_722,CCACGGCC,16Sf_529,GTCATTGA,,
20230508lav15P1E11,,,,16Sr_723,ACATGTAA,16Sf_529,GTCATTGA,,
20230508lav41P1E12,,,,16Sr_724,TGTTAACT,16Sf_529,GTCATTGA,,
20230506lav21P1F1,,,,16Sr_713,ATTGTAAT,16Sf_530,GCATCGTT,,
20230506lav22P1F2,,,,16Sr_714,GATCATTC,16Sf_530,GCATCGTT,,
20230506lav23P1F3,,,,16Sr_715,ACCGATCG,16Sf_530,GCATCGTT,,
20230506lav24P1F4,,,,16Sr_716,CCGTTATT,16Sf_530,GCATCGTT,,
20230506lav42P1F5,,,,16Sr_717,TTCTTCTA,16Sf_530,GCATCGTT,,
20230506lav43P1F6,,,,16Sr_718,TACCTGAC,16Sf_530,GCATCGTT,,
20230508lav21P1F7,,,,16Sr_719,AGGACCGC,16Sf_530,GCATCGTT,,
20230508lav22P1F8,,,,16Sr_720,GTCCGATT,16Sf_530,GCATCGTT,,
20230508lav23P1F9,,,,16Sr_721,CACGAGTT,16Sf_530,GCATCGTT,,
20230508lav24P1F10,,,,16Sr_722,CCACGGCC,16Sf_530,GCATCGTT,,
20230508lav42P1F11,,,,16Sr_723,ACATGTAA,16Sf_530,GCATCGTT,,
20230508lav43P1F12,,,,16Sr_724,TGTTAACT,16Sf_530,GCATCGTT,,
20230506lav31P1G1,,,,16Sr_713,ATTGTAAT,16Sf_531,AGGTTGAC,,
20230506lav32P1G2,,,,16Sr_714,GATCATTC,16Sf_531,AGGTTGAC,,
20230506lav33P1G3,,,,16Sr_715,ACCGATCG,16Sf_531,AGGTTGAC,,
20230506lav34P1G4,,,,16Sr_716,CCGTTATT,16Sf_531,AGGTTGAC,,
20230506lav44P1G5,,,,16Sr_717,TTCTTCTA,16Sf_531,AGGTTGAC,,
20230506lav45P1G6,,,,16Sr_718,TACCTGAC,16Sf_531,AGGTTGAC,,
20230508lav31P1G7,,,,16Sr_719,AGGACCGC,16Sf_531,AGGTTGAC,,
20230508lav32P1G8,,,,16Sr_720,GTCCGATT,16Sf_531,AGGTTGAC,,
20230508lav33P1G9,,,,16Sr_721,CACGAGTT,16Sf_531,AGGTTGAC,,
20230508lav34P1G10,,,,16Sr_722,CCACGGCC,16Sf_531,AGGTTGAC,,
20230508lav44P1G11,,,,16Sr_723,ACATGTAA,16Sf_531,AGGTTGAC,,
20230508lav45P1G12,,,,16Sr_724,TGTTAACT,16Sf_531,AGGTTGAC,,
20230510lav11P2A1,,,,16Sr_737,AGGTCTAC,16Sf_509,GGCTACTC,,
20230510lav12P2A2,,,,16Sr_738,TCCGTACT,16Sf_509,GGCTACTC,,
20230510lav13P2A3,,,,16Sr_739,GCGAACTA,16Sf_509,GGCTACTC,,
20230510lav14P2A4,,,,16Sr_740,TCCGAATC,16Sf_509,GGCTACTC,,
20230510lav15P2A5,,,,16Sr_741,AGGTCAGT,16Sf_509,GGCTACTC,,
20230510lav41P2A6,,,,16Sr_742,AAGTGCTC,16Sf_509,GGCTACTC,,
20230511lav11P2A7,,,,16Sr_743,GTAAGCAG,16Sf_509,GGCTACTC,,
20230511lav12P2A8,,,,16Sr_744,ATGACGGT,16Sf_509,GGCTACTC,,
20230511lav13P2A9,,,,16Sr_745,TGAGAGCA,16Sf_509,GGCTACTC,,
20230511lav14P2A10,,,,16Sr_746,TCTGGTAC,16Sf_509,GGCTACTC,,
20230511lav15P2A11,,,,16Sr_747,CGAATTGG,16Sf_509,GGCTACTC,,
20230511lav41P2A12,,,,16Sr_748,ACATGACC,16Sf_509,GGCTACTC,,
20230510lav21P2B1,,,,16Sr_737,AGGTCTAC,16Sf_510,CCTCAGAC,,
20230510lav22P2B2,,,,16Sr_738,TCCGTACT,16Sf_510,CCTCAGAC,,
20230510lav23P2B3,,,,16Sr_739,GCGAACTA,16Sf_510,CCTCAGAC,,
20230510lav24P2B4,,,,16Sr_740,TCCGAATC,16Sf_510,CCTCAGAC,,
20230510lav42P2B5,,,,16Sr_741,AGGTCAGT,16Sf_510,CCTCAGAC,,
20230510lav43P2B6,,,,16Sr_742,AAGTGCTC,16Sf_510,CCTCAGAC,,
20230511lav21P2B7,,,,16Sr_743,GTAAGCAG,16Sf_510,CCTCAGAC,,
20230511lav22P2B8,,,,16Sr_744,ATGACGGT,16Sf_510,CCTCAGAC,,
20230511lav23P2B9,,,,16Sr_745,TGAGAGCA,16Sf_510,CCTCAGAC,,
20230511lav42P2B10,,,,16Sr_746,TCTGGTAC,16Sf_510,CCTCAGAC,,
20230511lav24P2B11,,,,16Sr_747,CGAATTGG,16Sf_510,CCTCAGAC,,
20230511lav43P2B12,,,,16Sr_748,ACATGACC,16Sf_510,CCTCAGAC,,
20230510lav31P2C1,,,,16Sr_737,AGGTCTAC,16Sf_511,TCCTTACG,,
20230510lav32P2C2,,,,16Sr_738,TCCGTACT,16Sf_511,TCCTTACG,,
20230510lav33P2C3,,,,16Sr_739,GCGAACTA,16Sf_511,TCCTTACG,,
20230510lav34P2C4,,,,16Sr_740,TCCGAATC,16Sf_511,TCCTTACG,,
20230510lav44P2C5,,,,16Sr_741,AGGTCAGT,16Sf_511,TCCTTACG,,
20230510lav45P2C6,,,,16Sr_742,AAGTGCTC,16Sf_511,TCCTTACG,,
20230511lav31P2C7,,,,16Sr_743,GTAAGCAG,16Sf_511,TCCTTACG,,
20230511lav32P2C8,,,,16Sr_744,ATGACGGT,16Sf_511,TCCTTACG,,
20230511lav33P2C9,,,,16Sr_745,TGAGAGCA,16Sf_511,TCCTTACG,,
20230511lav34P2C10,,,,16Sr_746,TCTGGTAC,16Sf_511,TCCTTACG,,
20230511lav44P2C11,,,,16Sr_747,CGAATTGG,16Sf_511,TCCTTACG,,
20230511lav45P2C12,,,,16Sr_748,ACATGACC,16Sf_511,TCCTTACG,,
20230511uter11P2E1,,,,16Sr_737,AGGTCTAC,16Sf_513,GGAACTCC,,
20230511uter12P2E2,,,,16Sr_738,TCCGTACT,16Sf_513,GGAACTCC,,
20230511uter13P2E3,,,,16Sr_739,GCGAACTA,16Sf_513,GGAACTCC,,
20230511uter14P2E4,,,,16Sr_740,TCCGAATC,16Sf_513,GGAACTCC,,
20230511uter15P2E5,,,,16Sr_741,AGGTCAGT,16Sf_513,GGAACTCC,,
20230511uter41P2E6,,,,16Sr_742,AAGTGCTC,16Sf_513,GGAACTCC,,
20230511uter21P2F1,,,,16Sr_737,AGGTCTAC,16Sf_514,TGGCCATG,,
20230511uter22P2F2,,,,16Sr_738,TCCGTACT,16Sf_514,TGGCCATG,,
20230511uter23P2F3,,,,16Sr_739,GCGAACTA,16Sf_514,TGGCCATG,,
20230511uter24P2F4,,,,16Sr_740,TCCGAATC,16Sf_514,TGGCCATG,,
20230511uter42P2F5,,,,16Sr_741,AGGTCAGT,16Sf_514,TGGCCATG,,
20230511uter43P2F6,,,,16Sr_742,AAGTGCTC,16Sf_514,TGGCCATG,,
20230511uter31P2G1,,,,16Sr_737,AGGTCTAC,16Sf_515,GAGAGATT,,
20230511uter32P2G2,,,,16Sr_738,TCCGTACT,16Sf_515,GAGAGATT,,
20230511uter33P2G3,,,,16Sr_739,GCGAACTA,16Sf_515,GAGAGATT,,
20230511uter34P2G4,,,,16Sr_740,TCCGAATC,16Sf_515,GAGAGATT,,
20230511uter44P2G5,,,,16Sr_741,AGGTCAGT,16Sf_515,GAGAGATT,,
20230511uter45P2G6,,,,16Sr_742,AAGTGCTC,16Sf_515,GAGAGATT,,
20230511controlP2H1,,,,16Sr_737,AGGTCTAC,16Sf_516,CGCGGTTA,,
20230511GPP2H2,,,,16Sr_738,TCCGTACT,16Sf_516,CGCGGTTA,,
20230511LP2H3,,,,16Sr_739,GCGAACTA,16Sf_516,CGCGGTTA,,
20230511GPLP2H4,,,,16Sr_740,TCCGAATC,16Sf_516,CGCGGTTA,,
bulkMaPS-J1,,,,16Sr_725,CAGTATCG,16Sf_504,AGAGTAGA,,
bulkMaPS-J2,,,,16Sr_726,CGTCTCTA,16Sf_504,AGAGTAGA,,
bulkMaPS-J3,,,,16Sr_727,AGATGCCT,16Sf_504,AGAGTAGA,,
bulkMaPS-J4,,,,16Sr_728,GATTCTGC,16Sf_504,AGAGTAGA,,
bulkMaPS-J5,,,,16Sr_729,TTAGCGAG,16Sf_504,AGAGTAGA,,
bulkMaPS-J6,,,,16Sr_730,GTCCATGT,16Sf_504,AGAGTAGA,,
bulkMaPS-J7,,,,16Sr_731,GCTCACAT,16Sf_504,AGAGTAGA,,
bulkMaPS-J8,,,,16Sr_732,CGTTGAAC,16Sf_504,AGAGTAGA,,
bulkMaPS-E1,,,,16Sr_725,CAGTATCG,16Sf_505,GTAAGGAG,,
bulkMaPS-E2,,,,16Sr_726,CGTCTCTA,16Sf_505,GTAAGGAG,,
bulkMaPS-E3,,,,16Sr_727,AGATGCCT,16Sf_505,GTAAGGAG,,
bulkMaPS-E4,,,,16Sr_728,GATTCTGC,16Sf_505,GTAAGGAG,,
bulkMaPS-E5,,,,16Sr_729,TTAGCGAG,16Sf_505,GTAAGGAG,,
bulkMaPS-E6,,,,16Sr_730,GTCCATGT,16Sf_505,GTAAGGAG,,
bulkMaPS-E7,,,,16Sr_731,GCTCACAT,16Sf_505,GTAAGGAG,,
bulkMaPS-E8,,,,16Sr_732,CGTTGAAC,16Sf_505,GTAAGGAG,,