OTU,Kingdom,Phylum,Class,Order,Family,Genus
Otu1,Bacteria,Bacteroidota,Bacteroidia,Bacteroidales,Muribaculaceae,
Otu2,Bacteria,Firmicutes,Bacilli,Lactobacillales,Lactobacillaceae,Lactobacillus
Otu3,Bacteria,Bacteroidota,Bacteroidia,Bacteroidales,Muribaculaceae,
Otu4,Bacteria,Firmicutes,Bacilli,Lactobacillales,Lactobacillaceae,Ligilactobacillus
Otu5,Bacteria,Bacteroidota,Bacteroidia,Bacteroidales,Muribaculaceae,
Otu6,Bacteria,Bacteroidota,Bacteroidia,Bacteroidales,Bacteroidaceae,Bacteroides
Otu7,Bacteria,Bacteroidota,Bacteroidia,Bacteroidales,Prevotellaceae,Prevotellaceae UCG-001
Otu8,Bacteria,Bacteroidota,Bacteroidia,Bacteroidales,Muribaculaceae,
Otu9,Bacteria,Firmicutes,Clostridia,Lachnospirales,Lachnospiraceae,
Otu10,Bacteria,Firmicutes,Bacilli,Lactobacillales,Lactobacillaceae,Limosilactobacillus
Otu11,Bacteria,Bacteroidota,Bacteroidia,Bacteroidales,NA,
Otu12,Bacteria,Firmicutes,Clostridia,Lachnospirales,Lachnospiraceae,
Otu13,Bacteria,Bacteroidota,Bacteroidia,Bacteroidales,Muribaculaceae,
Otu14,Bacteria,Bacteroidota,Bacteroidia,Bacteroidales,Muribaculaceae,
Otu15,Bacteria,Firmicutes,Clostridia,Lachnospirales,Lachnospiraceae,
Otu16,Bacteria,Bacteroidota,Bacteroidia,Bacteroidales,NA,
Otu17,Bacteria,Firmicutes,Bacilli,Erysipelotrichales,Erysipelotrichaceae,Turicibacter
Otu18,Bacteria,Firmicutes,Clostridia,Oscillospirales,[Eubacterium] coprostanoligenes group,
Otu19,Bacteria,Firmicutes,Clostridia,Lachnospirales,Lachnospiraceae,
Otu20,Bacteria,Bacteroidota,Bacteroidia,Bacteroidales,Bacteroidaceae,Bacteroides
Otu21,Bacteria,Bacteroidota,Bacteroidia,Bacteroidales,Bacteroidaceae,Bacteroides
Otu22,Bacteria,Firmicutes,Clostridia,Oscillospirales,Ruminococcaceae,Faecalibacterium
Otu23,Bacteria,Bacteroidota,Bacteroidia,Bacteroidales,Muribaculaceae,
Otu24,Bacteria,Bacteroidota,Bacteroidia,Bacteroidales,NA,
Otu25,Bacteria,Bacteroidota,Bacteroidia,Bacteroidales,Muribaculaceae,
Otu26,Bacteria,Bacteroidota,Bacteroidia,Bacteroidales,Muribaculaceae,
Otu27,Bacteria,Firmicutes,Clostridia,Oscillospirales,Oscillospiraceae,
Otu28,Bacteria,Bacteroidota,Bacteroidia,Bacteroidales,Muribaculaceae,
Otu29,Bacteria,Firmicutes,Bacilli,Lactobacillales,Lactobacillaceae,Lactobacillus
Otu30,Bacteria,Bacteroidota,Bacteroidia,Bacteroidales,Muribaculaceae,
Otu31,Bacteria,Bacteroidota,Bacteroidia,Bacteroidales,Muribaculaceae,
Otu32,Bacteria,Firmicutes,Clostridia,Lachnospirales,Lachnospiraceae,uncultured
Otu33,Bacteria,Firmicutes,Clostridia,Lachnospirales,Lachnospiraceae,A2
Otu34,Bacteria,Synergistota,Synergistia,Synergistales,Synergistaceae,Cloacibacillus
Otu35,Bacteria,Firmicutes,Clostridia,Lachnospirales,Lachnospiraceae,
Otu36,Bacteria,Firmicutes,Clostridia,Clostridia UCG-014,NA,
Otu37,Archaea,Euryarchaeota,Methanobacteria,Methanobacteriales,Methanobacteriaceae,Methanobrevibacter
Otu38,Bacteria,Firmicutes,Clostridia,Lachnospirales,Lachnospiraceae,Lachnospiraceae UCG-006
Otu39,Bacteria,Firmicutes,Clostridia,Lachnospirales,Lachnospiraceae,
Otu40,Bacteria,Firmicutes,Clostridia,Lachnospirales,Lachnospiraceae,
Otu41,Bacteria,Firmicutes,Bacilli,NA,NA,
Otu42,Bacteria,Firmicutes,Bacilli,Lactobacillales,Lactobacillaceae,Lacticaseibacillus
Otu43,Bacteria,Bacteroidota,Bacteroidia,Bacteroidales,Muribaculaceae,
Otu44,Bacteria,Firmicutes,Bacilli,Lactobacillales,Lactobacillaceae,Ligilactobacillus
Otu45,Bacteria,Firmicutes,Clostridia,Lachnospirales,Lachnospiraceae,Marvinbryantia
Otu46,Bacteria,Bacteroidota,Bacteroidia,Bacteroidales,Muribaculaceae,
Otu47,Bacteria,Firmicutes,Clostridia,Lachnospirales,Lachnospiraceae,A2
Otu48,Bacteria,Firmicutes,Clostridia,Lachnospirales,Lachnospiraceae,
Otu49,Bacteria,Firmicutes,Clostridia,Oscillospirales,Ruminococcaceae,Ruminococcus
Otu50,Bacteria,Firmicutes,Clostridia,Oscillospirales,Ruminococcaceae,Ruminococcus
Otu51,Bacteria,Firmicutes,Clostridia,Oscillospirales,Oscillospiraceae,uncultured
Otu52,Bacteria,Bacteroidota,Bacteroidia,Bacteroidales,Rikenellaceae,Alistipes
Otu53,Bacteria,Bacteroidota,Bacteroidia,Bacteroidales,Muribaculaceae,
Otu54,Bacteria,Firmicutes,Clostridia,Lachnospirales,Lachnospiraceae,
Otu55,Bacteria,Actinobacteriota,Coriobacteriia,Coriobacteriales,Eggerthellaceae,
Otu56,Bacteria,Firmicutes,Clostridia,Lachnospirales,Lachnospiraceae,[Eubacterium] xylanophilum group
Otu57,Bacteria,Bacteroidota,Bacteroidia,Bacteroidales,NA,
Otu58,Bacteria,Firmicutes,Clostridia,Clostridia UCG-014,NA,
Otu59,Bacteria,Firmicutes,Clostridia,Clostridiales,Clostridiaceae,Candidatus Arthromitus
Otu60,Bacteria,Proteobacteria,Gammaproteobacteria,Enterobacterales,Enterobacteriaceae,
Otu61,Bacteria,Desulfobacterota,Desulfovibrionia,Desulfovibrionales,Desulfovibrionaceae,Desulfovibrio
Otu62,Bacteria,Bacteroidota,Bacteroidia,Bacteroidales,Muribaculaceae,
Otu63,Bacteria,Actinobacteriota,Actinobacteria,Bifidobacteriales,Bifidobacteriaceae,Bifidobacterium
Otu64,Bacteria,Actinobacteriota,Coriobacteriia,Coriobacteriales,Eggerthellaceae,
Otu65,Bacteria,Firmicutes,Clostridia,Clostridia UCG-014,NA,
Otu66,Bacteria,Firmicutes,Clostridia,Lachnospirales,Lachnospiraceae,
Otu67,Bacteria,Firmicutes,Clostridia,Lachnospirales,Lachnospiraceae,
Otu68,Bacteria,Firmicutes,Clostridia,Oscillospirales,Oscillospiraceae,
Otu69,Bacteria,Firmicutes,Clostridia,Lachnospirales,Lachnospiraceae,
Otu70,Bacteria,Firmicutes,Bacilli,RF39,NA,
Otu71,Bacteria,Firmicutes,Clostridia,Clostridiales,Clostridiaceae,Clostridium sensu stricto 1
Otu72,Bacteria,Firmicutes,Clostridia,Oscillospirales,Ruminococcaceae,
Otu73,Bacteria,Firmicutes,Clostridia,Lachnospirales,Lachnospiraceae,Lachnospiraceae NK4A136 group
Otu74,Bacteria,Firmicutes,Clostridia,Clostridia UCG-014,NA,
Otu75,Bacteria,Firmicutes,Clostridia,Lachnospirales,Lachnospiraceae,
Otu76,Bacteria,Bacteroidota,Bacteroidia,Bacteroidales,Bacteroidaceae,Bacteroides
Otu77,Bacteria,Firmicutes,Clostridia,Clostridia UCG-014,NA,
Otu78,Bacteria,Actinobacteriota,Coriobacteriia,Coriobacteriales,Coriobacteriaceae,Collinsella
Otu79,Bacteria,Bacteroidota,Bacteroidia,Bacteroidales,NA,
Otu80,Bacteria,Firmicutes,Clostridia,Clostridia UCG-014,NA,
Otu81,Bacteria,Bacteroidota,Bacteroidia,Bacteroidales,Rikenellaceae,Alistipes
Otu82,Bacteria,Proteobacteria,Gammaproteobacteria,Burkholderiales,NA,
Otu83,Bacteria,Firmicutes,Clostridia,Lachnospirales,Lachnospiraceae,ASF356
Otu84,Bacteria,Bacteroidota,Bacteroidia,Bacteroidales,Muribaculaceae,
Otu85,Bacteria,Firmicutes,Clostridia,Oscillospirales,[Eubacterium] coprostanoligenes group,
Otu86,Bacteria,Firmicutes,Clostridia,Lachnospirales,Lachnospiraceae,
Otu87,Bacteria,Firmicutes,Clostridia,Lachnospirales,Lachnospiraceae,
Otu88,Bacteria,Firmicutes,Bacilli,Erysipelotrichales,Erysipelatoclostridiaceae,
Otu89,Bacteria,Bacteroidota,Bacteroidia,Bacteroidales,Muribaculaceae,
Otu90,Bacteria,Actinobacteriota,Coriobacteriia,Coriobacteriales,Eggerthellaceae,Enterorhabdus
Otu91,Bacteria,Verrucomicrobiota,Verrucomicrobiae,Verrucomicrobiales,Akkermansiaceae,Akkermansia
Otu92,Bacteria,NA,NA,NA,NA,
Otu93,Bacteria,Firmicutes,Clostridia,Lachnospirales,Lachnospiraceae,
Otu94,Bacteria,Firmicutes,Clostridia,Oscillospirales,NA,
Otu95,Bacteria,Firmicutes,Clostridia,Lachnospirales,Lachnospiraceae,
Otu96,Bacteria,Firmicutes,Clostridia,Lachnospirales,Lachnospiraceae,
Otu97,Bacteria,Firmicutes,Negativicutes,Veillonellales-Selenomonadales,Veillonellaceae,Megasphaera
Otu98,Bacteria,Firmicutes,Clostridia,Lachnospirales,Lachnospiraceae,
Otu99,Bacteria,Bacteroidota,Bacteroidia,Bacteroidales,Tannerellaceae,Parabacteroides
Otu100,Bacteria,Firmicutes,Clostridia,Lachnospirales,Lachnospiraceae,
Otu101,Bacteria,Firmicutes,Clostridia,Clostridia UCG-014,NA,
Otu102,Bacteria,Firmicutes,Bacilli,Lactobacillales,Lactobacillaceae,Ligilactobacillus
Otu103,Bacteria,Firmicutes,Clostridia,Peptococcales,Peptococcaceae,uncultured
Otu104,Bacteria,Bacteroidota,Bacteroidia,Bacteroidales,Muribaculaceae,
Otu105,Bacteria,Bacteroidota,Bacteroidia,Bacteroidales,Bacteroidaceae,Bacteroides
Otu106,Bacteria,Firmicutes,Clostridia,Oscillospirales,Oscillospiraceae,uncultured
Otu107,Bacteria,Bacteroidota,Bacteroidia,Bacteroidales,Rikenellaceae,Alistipes
Otu108,Bacteria,Firmicutes,Clostridia,Lachnospirales,Lachnospiraceae,
Otu109,Bacteria,Firmicutes,Clostridia,Lachnospirales,Lachnospiraceae,uncultured
Otu110,Bacteria,Firmicutes,Bacilli,RF39,NA,
Otu111,Bacteria,Bacteroidota,Bacteroidia,Bacteroidales,Rikenellaceae,Rikenellaceae RC9 gut group
Otu112,Bacteria,Firmicutes,Bacilli,Lactobacillales,Lactobacillaceae,
Otu113,Bacteria,Firmicutes,Clostridia,Oscillospirales,Ruminococcaceae,Ruminococcus
Otu114,Bacteria,Firmicutes,Bacilli,Erysipelotrichales,Erysipelotrichaceae,
Otu115,Bacteria,Firmicutes,Clostridia,Oscillospirales,Ruminococcaceae,Ruminococcus
Otu116,Bacteria,Firmicutes,Bacilli,Bacillales,Bacillaceae,Bacillus
Otu117,Bacteria,Firmicutes,Clostridia,Lachnospirales,Lachnospiraceae,uncultured
Otu118,Bacteria,Firmicutes,Clostridia,Christensenellales,Christensenellaceae,Christensenellaceae R-7 group
Otu119,Bacteria,Firmicutes,Clostridia,Lachnospirales,Lachnospiraceae,Lachnospiraceae UCG-001
Otu120,Bacteria,Firmicutes,Clostridia,Clostridia UCG-014,NA,
Otu121,Bacteria,Firmicutes,Clostridia,Lachnospirales,Lachnospiraceae,
Otu122,Bacteria,Bacteroidota,Bacteroidia,Bacteroidales,Marinifilaceae,Odoribacter
Otu123,Bacteria,Firmicutes,Clostridia,Oscillospirales,Oscillospiraceae,UCG-002
Otu124,Bacteria,Firmicutes,Clostridia,Lachnospirales,Lachnospiraceae,
Otu125,Bacteria,Firmicutes,Clostridia,Lachnospirales,Lachnospiraceae,Lachnospiraceae NK4A136 group
Otu126,Bacteria,Firmicutes,Negativicutes,Veillonellales-Selenomonadales,Veillonellaceae,Veillonella
Otu127,Bacteria,Firmicutes,Clostridia,Oscillospirales,Ruminococcaceae,Subdoligranulum
Otu128,Bacteria,Proteobacteria,Gammaproteobacteria,Enterobacterales,NA,
Otu129,Bacteria,Firmicutes,Bacilli,Erysipelotrichales,Erysipelatoclostridiaceae,Erysipelotrichaceae UCG-003
Otu130,Bacteria,Firmicutes,Clostridia,Lachnospirales,Lachnospiraceae,
Otu131,Bacteria,Firmicutes,Bacilli,Erysipelotrichales,Erysipelatoclostridiaceae,
Otu132,Bacteria,Firmicutes,Clostridia,Peptococcales,Peptococcaceae,uncultured
Otu133,Bacteria,Firmicutes,Clostridia,Oscillospirales,Ruminococcaceae,Incertae Sedis
Otu134,Bacteria,Firmicutes,Clostridia,Oscillospirales,Ruminococcaceae,Anaerotruncus
Otu135,Bacteria,NA,NA,NA,NA,
Otu136,Bacteria,Firmicutes,Clostridia,Monoglobales,Monoglobaceae,Monoglobus
Otu137,Bacteria,Firmicutes,Clostridia,Lachnospirales,Lachnospiraceae,uncultured
Otu138,Bacteria,Actinobacteriota,Coriobacteriia,Coriobacteriales,Eggerthellaceae,Enterorhabdus
Otu139,Bacteria,Firmicutes,Clostridia,Clostridia UCG-014,NA,
Otu140,Bacteria,Bacteroidota,Bacteroidia,Bacteroidales,Muribaculaceae,
Otu141,Bacteria,Firmicutes,Clostridia,Lachnospirales,Lachnospiraceae,
Otu142,Bacteria,Firmicutes,Bacilli,Erysipelotrichales,Erysipelotrichaceae,uncultured
Otu143,Bacteria,Firmicutes,Clostridia,Oscillospirales,Oscillospiraceae,
Otu144,Bacteria,Firmicutes,Clostridia,Clostridia UCG-014,NA,
Otu145,Bacteria,Bacteroidota,Bacteroidia,Bacteroidales,Muribaculaceae,
Otu146,Bacteria,Firmicutes,Clostridia,NA,NA,
Otu147,Bacteria,Firmicutes,Clostridia,NA,NA,
Otu148,Bacteria,Firmicutes,Clostridia,Lachnospirales,Lachnospiraceae,Blautia
Otu149,Bacteria,Bacteroidota,Bacteroidia,Bacteroidales,Muribaculaceae,
Otu150,Bacteria,Firmicutes,Clostridia,Lachnospirales,Lachnospiraceae,Blautia
Otu151,Bacteria,Firmicutes,Clostridia,Lachnospirales,Lachnospiraceae,Roseburia
Otu152,Bacteria,Deferribacterota,Deferribacteres,Deferribacterales,Deferribacteraceae,Mucispirillum
Otu153,Bacteria,Firmicutes,Bacilli,Erysipelotrichales,Erysipelotrichaceae,Faecalibaculum
Otu154,Bacteria,Firmicutes,Clostridia,Lachnospirales,Lachnospiraceae,Lachnospiraceae NK4A136 group
Otu155,Bacteria,Bacteroidota,Bacteroidia,Bacteroidales,Muribaculaceae,
Otu156,Bacteria,Actinobacteriota,Coriobacteriia,Coriobacteriales,Eggerthellaceae,
Otu157,Bacteria,Firmicutes,Clostridia,Lachnospirales,Lachnospiraceae,
Otu158,Bacteria,Firmicutes,Clostridia,Clostridia UCG-014,NA,
Otu159,Bacteria,Firmicutes,Clostridia,Lachnospirales,Lachnospiraceae,
Otu160,Bacteria,Firmicutes,Clostridia,Lachnospirales,Lachnospiraceae,[Eubacterium] eligens group
Otu161,Bacteria,Desulfobacterota,Desulfovibrionia,Desulfovibrionales,Desulfovibrionaceae,
Otu162,Bacteria,Proteobacteria,Gammaproteobacteria,Burkholderiales,Sutterellaceae,Parasutterella
Otu163,Bacteria,Bacteroidota,Bacteroidia,Bacteroidales,Muribaculaceae,
Otu164,Bacteria,Firmicutes,Clostridia,Peptostreptococcales-Tissierellales,Anaerovoracaceae,[Eubacterium] brachy group
Otu165,Bacteria,Firmicutes,Clostridia,Lachnospirales,Lachnospiraceae,
Otu166,Bacteria,Firmicutes,Clostridia,Lachnospirales,Lachnospiraceae,
Otu167,Bacteria,Firmicutes,Clostridia,Clostridia UCG-014,NA,
Otu168,Bacteria,Firmicutes,Clostridia,Lachnospirales,Lachnospiraceae,
Otu169,Bacteria,Firmicutes,Clostridia,Lachnospirales,Lachnospiraceae,Roseburia
Otu170,Bacteria,Firmicutes,Clostridia,Lachnospirales,Lachnospiraceae,
Otu171,Bacteria,Firmicutes,Clostridia,Clostridia UCG-014,NA,
Otu172,Bacteria,Proteobacteria,Alphaproteobacteria,Rhodospirillales,uncultured,
Otu173,Bacteria,Firmicutes,Clostridia,Lachnospirales,Lachnospiraceae,
Otu174,Bacteria,Firmicutes,Clostridia,Oscillospirales,Ruminococcaceae,
Otu175,Bacteria,Firmicutes,Clostridia,Oscillospirales,Oscillospiraceae,
Otu176,Bacteria,Firmicutes,Clostridia,Lachnospirales,Lachnospiraceae,
Otu177,Bacteria,Firmicutes,Clostridia,Lachnospirales,Lachnospiraceae,
Otu178,Bacteria,Firmicutes,Clostridia,Peptostreptococcales-Tissierellales,Anaerovoracaceae,[Eubacterium] nodatum group
Otu179,Bacteria,Firmicutes,Clostridia,Lachnospirales,Lachnospiraceae,
Otu180,Bacteria,Firmicutes,Clostridia,Oscillospirales,UCG-010,
Otu181,Bacteria,Firmicutes,Clostridia,Lachnospirales,Lachnospiraceae,uncultured
Otu182,Bacteria,Firmicutes,Clostridia,Clostridia UCG-014,NA,
Otu183,Bacteria,Firmicutes,Clostridia,Clostridia UCG-014,NA,
Otu184,Bacteria,Firmicutes,Clostridia,Clostridia UCG-014,NA,
Otu185,Bacteria,Firmicutes,Bacilli,Erysipelotrichales,Erysipelatoclostridiaceae,
Otu186,Bacteria,Firmicutes,Clostridia,Lachnospirales,Lachnospiraceae,
Otu187,Bacteria,Bacteroidota,Bacteroidia,Bacteroidales,Bacteroidaceae,Bacteroides
Otu188,Bacteria,Bacteroidota,Bacteroidia,Bacteroidales,NA,
Otu189,Bacteria,Firmicutes,Clostridia,Lachnospirales,Lachnospiraceae,
Otu190,Bacteria,Firmicutes,Clostridia,Oscillospirales,Oscillospiraceae,uncultured
Otu191,Bacteria,Firmicutes,Clostridia,Lachnospirales,Lachnospiraceae,uncultured
Otu192,Bacteria,Actinobacteriota,Coriobacteriia,Coriobacteriales,Eggerthellaceae,Enterorhabdus
Otu193,Bacteria,Firmicutes,Negativicutes,Acidaminococcales,Acidaminococcaceae,Phascolarctobacterium
Otu194,Bacteria,Firmicutes,Clostridia,Lachnospirales,Lachnospiraceae,Coprococcus
Otu195,Bacteria,Firmicutes,Clostridia,Lachnospirales,Lachnospiraceae,Butyrivibrio
Otu196,Bacteria,Firmicutes,Clostridia,Lachnospirales,Lachnospiraceae,
Otu197,Bacteria,Firmicutes,Clostridia,Oscillospirales,Oscillospiraceae,Colidextribacter
Otu198,Bacteria,Firmicutes,Clostridia,Lachnospirales,Lachnospiraceae,Anaerostipes
Otu199,Bacteria,Actinobacteriota,Actinobacteria,Bifidobacteriales,Bifidobacteriaceae,Bifidobacterium
Otu200,Bacteria,Firmicutes,Clostridia,Lachnospirales,Lachnospiraceae,
Otu201,Bacteria,Firmicutes,Bacilli,RF39,NA,
Otu202,Bacteria,Firmicutes,Clostridia,Lachnospirales,Lachnospiraceae,uncultured
Otu203,Bacteria,Firmicutes,Bacilli,Lactobacillales,NA,
Otu204,Bacteria,Firmicutes,Clostridia,Lachnospirales,Lachnospiraceae,
Otu205,Bacteria,Firmicutes,Bacilli,Lactobacillales,Streptococcaceae,Streptococcus
Otu206,Bacteria,Firmicutes,Clostridia,Clostridia UCG-014,NA,
Otu207,Bacteria,Firmicutes,Clostridia,Clostridia UCG-014,NA,
Otu208,Bacteria,Firmicutes,Clostridia,Lachnospirales,Lachnospiraceae,uncultured
Otu209,Bacteria,Firmicutes,Clostridia,Lachnospirales,Lachnospiraceae,
Otu210,Bacteria,Firmicutes,Clostridia,Lachnospirales,Lachnospiraceae,
Otu211,Bacteria,Firmicutes,Clostridia,Lachnospirales,Lachnospiraceae,
Otu212,Bacteria,Firmicutes,Clostridia,Oscillospirales,Oscillospiraceae,NK4A214 group
Otu213,Bacteria,Firmicutes,Clostridia,Lachnospirales,Lachnospiraceae,
Otu214,Bacteria,Firmicutes,Clostridia,NA,NA,
Otu215,Bacteria,Firmicutes,Clostridia,Oscillospirales,Ruminococcaceae,Subdoligranulum
Otu216,Bacteria,Firmicutes,Clostridia,Clostridia UCG-014,NA,
Otu217,Bacteria,Actinobacteriota,Coriobacteriia,Coriobacteriales,Eggerthellaceae,Enterorhabdus
Otu218,Bacteria,Bacteroidota,Bacteroidia,Bacteroidales,Bacteroidaceae,Bacteroides
Otu219,Bacteria,Bacteroidota,Bacteroidia,Bacteroidales,Tannerellaceae,Parabacteroides
Otu220,Bacteria,Bacteroidota,Bacteroidia,Bacteroidales,Rikenellaceae,Alistipes
Otu221,Bacteria,Firmicutes,Bacilli,Erysipelotrichales,Erysipelotrichaceae,Holdemanella
Otu222,Bacteria,Firmicutes,Clostridia,Lachnospirales,Lachnospiraceae,uncultured
Otu223,Bacteria,Firmicutes,Clostridia,Clostridia UCG-014,NA,
Otu224,Bacteria,Firmicutes,Clostridia,Lachnospirales,Lachnospiraceae,Lachnospiraceae UCG-006
Otu225,Bacteria,Bacteroidota,Bacteroidia,Bacteroidales,Muribaculaceae,
Otu226,Bacteria,Firmicutes,Clostridia,Lachnospirales,Lachnospiraceae,
Otu227,Bacteria,Firmicutes,Clostridia,Lachnospirales,Lachnospiraceae,Lachnospiraceae NK4A136 group
Otu228,Bacteria,Firmicutes,Bacilli,RF39,NA,
Otu229,Bacteria,Proteobacteria,Gammaproteobacteria,Enterobacterales,Pasteurellaceae,Haemophilus
Otu230,Bacteria,Actinobacteriota,Actinobacteria,Bifidobacteriales,Bifidobacteriaceae,Bifidobacterium
Otu231,Bacteria,Firmicutes,Clostridia,Oscillospirales,Oscillospiraceae,
Otu232,Bacteria,Firmicutes,Negativicutes,Veillonellales-Selenomonadales,Veillonellaceae,Veillonella
Otu233,Bacteria,Firmicutes,Clostridia,Lachnospirales,Lachnospiraceae,
Otu234,Bacteria,Firmicutes,Bacilli,RF39,NA,
Otu235,Bacteria,Firmicutes,Clostridia,Lachnospirales,Lachnospiraceae,
Otu236,Bacteria,Firmicutes,Clostridia,Monoglobales,Monoglobaceae,Monoglobus
Otu237,Bacteria,Bacteroidota,Bacteroidia,Bacteroidales,NA,
Otu238,Bacteria,Firmicutes,Clostridia,Oscillospirales,Butyricicoccaceae,Butyricicoccus
Otu239,Bacteria,Firmicutes,Clostridia,Lachnospirales,Lachnospiraceae,GCA-900066575
Otu240,Bacteria,Firmicutes,Clostridia,Clostridia UCG-014,NA,
Otu241,Bacteria,Firmicutes,Clostridia,Oscillospirales,Oscillospiraceae,uncultured
Otu242,Bacteria,Actinobacteriota,Coriobacteriia,Coriobacteriales,Eggerthellaceae,Enterorhabdus
Otu243,Bacteria,Firmicutes,Clostridia,Lachnospirales,Lachnospiraceae,
Otu244,Unclassified,NA,NA,NA,NA,
Otu245,Bacteria,Firmicutes,Clostridia,Lachnospirales,Lachnospiraceae,Blautia
Otu246,Bacteria,Actinobacteriota,Coriobacteriia,Coriobacteriales,Coriobacteriales Incertae Sedis,uncultured
Otu247,Bacteria,Firmicutes,Clostridia,Lachnospirales,Lachnospiraceae,
Otu248,Bacteria,Firmicutes,Clostridia,Lachnospirales,Lachnospiraceae,
Otu249,Bacteria,Firmicutes,Clostridia,Lachnospirales,Lachnospiraceae,Roseburia
Otu250,Bacteria,Firmicutes,Clostridia,Lachnospirales,Lachnospiraceae,Lachnospira
Otu251,Bacteria,Firmicutes,Negativicutes,Veillonellales-Selenomonadales,Veillonellaceae,Megasphaera
Otu252,Bacteria,Firmicutes,Bacilli,Erysipelotrichales,Erysipelatoclostridiaceae,Candidatus Stoquefichus
Otu253,Bacteria,Firmicutes,Clostridia,Clostridia UCG-014,NA,
Otu254,Bacteria,Firmicutes,Clostridia,Oscillospirales,Oscillospiraceae,UCG-005
Otu255,Bacteria,Firmicutes,Clostridia,Lachnospirales,Lachnospiraceae,
Otu256,Bacteria,Firmicutes,Clostridia,Peptostreptococcales-Tissierellales,Anaerovoracaceae,
Otu257,Bacteria,Firmicutes,Clostridia,Oscillospirales,NA,
Otu258,Bacteria,Firmicutes,Clostridia,Lachnospirales,Lachnospiraceae,
Otu259,Bacteria,Bacteroidota,Bacteroidia,Bacteroidales,Rikenellaceae,Alistipes
Otu260,Bacteria,Firmicutes,Clostridia,Lachnospirales,Lachnospiraceae,[Eubacterium] hallii group
Otu261,Bacteria,Firmicutes,Clostridia,Lachnospirales,Lachnospiraceae,
Otu262,Bacteria,Firmicutes,Clostridia,Oscillospirales,Ruminococcaceae,Ruminococcus
Otu263,Bacteria,Firmicutes,Bacilli,RF39,NA,
Otu264,Bacteria,Firmicutes,Clostridia,Clostridia UCG-014,NA,
Otu265,Bacteria,Firmicutes,Clostridia,Lachnospirales,Lachnospiraceae,
Otu266,Bacteria,Firmicutes,Clostridia,Clostridia UCG-014,NA,
Otu267,Bacteria,Firmicutes,Clostridia,Lachnospirales,Lachnospiraceae,
Otu268,Bacteria,Firmicutes,Clostridia,Clostridia UCG-014,NA,
Otu269,Bacteria,Proteobacteria,Gammaproteobacteria,Burkholderiales,Sutterellaceae,Parasutterella
Otu270,Bacteria,Firmicutes,Clostridia,Clostridia vadinBB60 group,NA,
Otu271,Bacteria,Bacteroidota,Bacteroidia,Bacteroidales,Tannerellaceae,Parabacteroides
Otu272,Bacteria,Firmicutes,Clostridia,Lachnospirales,Lachnospiraceae,Roseburia
Otu273,Bacteria,Firmicutes,Clostridia,Oscillospirales,Butyricicoccaceae,Butyricicoccus
Otu274,Bacteria,Firmicutes,Clostridia,Lachnospirales,Lachnospiraceae,
Otu275,Bacteria,Bacteroidota,Bacteroidia,Bacteroidales,Bacteroidaceae,Bacteroides
Otu276,Bacteria,Firmicutes,Clostridia,Lachnospirales,Lachnospiraceae,Roseburia
Otu277,Bacteria,Firmicutes,Clostridia,Oscillospirales,Ruminococcaceae,uncultured
Otu278,Bacteria,Firmicutes,Clostridia,Lachnospirales,Lachnospiraceae,uncultured
Otu279,Bacteria,Firmicutes,Clostridia,Oscillospirales,Ruminococcaceae,
Otu280,Bacteria,Firmicutes,Clostridia,Eubacteriales,Anaerofustaceae,Anaerofustis
Otu281,Bacteria,Firmicutes,Clostridia,Oscillospirales,NA,
Otu282,Bacteria,Actinobacteriota,Coriobacteriia,Coriobacteriales,Eggerthellaceae,
Otu283,Bacteria,Desulfobacterota,Desulfovibrionia,Desulfovibrionales,Desulfovibrionaceae,Desulfovibrio
Otu284,Bacteria,Firmicutes,Bacilli,Erysipelotrichales,Erysipelotrichaceae,uncultured
Otu285,Bacteria,Firmicutes,Clostridia,Lachnospirales,Lachnospiraceae,
Otu286,Bacteria,Firmicutes,Clostridia,Lachnospirales,Lachnospiraceae,Lachnospiraceae NK4A136 group
Otu287,Bacteria,Bacteroidota,Bacteroidia,Bacteroidales,NA,
Otu288,Bacteria,Firmicutes,Clostridia,Oscillospirales,Ruminococcaceae,
Otu289,Bacteria,Firmicutes,Clostridia,Lachnospirales,Lachnospiraceae,Lachnospiraceae NK4A136 group
Otu290,Bacteria,Firmicutes,Bacilli,Lactobacillales,Lactobacillaceae,Pediococcus
Otu291,Bacteria,Firmicutes,Clostridia,Christensenellales,Christensenellaceae,Christensenellaceae R-7 group
Otu292,Bacteria,Bacteroidota,Bacteroidia,Bacteroidales,Prevotellaceae,Alloprevotella
Otu293,Bacteria,Firmicutes,Clostridia,Oscillospirales,Ruminococcaceae,uncultured
Otu294,Bacteria,Firmicutes,Clostridia,Clostridia UCG-014,NA,
Otu295,Bacteria,Firmicutes,Clostridia,Lachnospirales,Lachnospiraceae,
Otu296,Bacteria,Firmicutes,Clostridia,Peptostreptococcales-Tissierellales,Anaerovoracaceae,
Otu297,Bacteria,Firmicutes,Bacilli,RF39,NA,
Otu298,Bacteria,Firmicutes,Clostridia,Oscillospirales,Oscillospiraceae,UCG-005
Otu299,Bacteria,Firmicutes,Clostridia,Clostridia UCG-014,NA,
Otu300,Bacteria,Firmicutes,Clostridia,Lachnospirales,Lachnospiraceae,
Otu301,Bacteria,Firmicutes,Clostridia,Lachnospirales,Lachnospiraceae,Lachnoclostridium
Otu302,Bacteria,Firmicutes,Clostridia,Clostridia UCG-014,NA,
Otu303,Bacteria,Firmicutes,Clostridia,Lachnospirales,Lachnospiraceae,
Otu304,Unclassified,NA,NA,NA,NA,
Otu305,Bacteria,Firmicutes,Clostridia,NA,NA,
Otu306,Bacteria,Firmicutes,Clostridia,Lachnospirales,Lachnospiraceae,A2
Otu307,Bacteria,Firmicutes,Clostridia,Oscillospirales,Ruminococcaceae,
Otu308,Bacteria,Bacteroidota,Bacteroidia,Bacteroidales,Marinifilaceae,Odoribacter
Otu309,Bacteria,Firmicutes,Bacilli,Lactobacillales,Lactobacillaceae,Limosilactobacillus
Otu310,Bacteria,Firmicutes,Bacilli,Staphylococcales,Staphylococcaceae,Staphylococcus
Otu311,Bacteria,Firmicutes,Clostridia,Oscillospirales,Ruminococcaceae,Anaerotruncus
Otu312,Bacteria,Firmicutes,Clostridia,Clostridia UCG-014,NA,
Otu313,Bacteria,Firmicutes,Clostridia,NA,NA,
Otu314,Bacteria,Firmicutes,Clostridia,Lachnospirales,Lachnospiraceae,
Otu315,Bacteria,Firmicutes,Bacilli,RF39,NA,
Otu316,Bacteria,Firmicutes,Clostridia,Lachnospirales,Lachnospiraceae,
Otu317,Bacteria,Firmicutes,Clostridia,Oscillospirales,Butyricicoccaceae,Butyricicoccus
Otu318,Bacteria,Firmicutes,Clostridia,Oscillospirales,Ruminococcaceae,
Otu319,Bacteria,Firmicutes,Clostridia,Clostridia UCG-014,NA,
Otu320,Bacteria,Firmicutes,Clostridia,Lachnospirales,Lachnospiraceae,Roseburia
Otu321,Bacteria,Firmicutes,Clostridia,Oscillospirales,Oscillospiraceae,
Otu322,Bacteria,Firmicutes,Clostridia,Lachnospirales,Lachnospiraceae,Lachnospiraceae NK4A136 group
Otu323,Bacteria,Firmicutes,Clostridia,Oscillospirales,Oscillospiraceae,NK4A214 group
Otu324,Bacteria,Firmicutes,Clostridia,Lachnospirales,Lachnospiraceae,Tyzzerella
Otu325,Bacteria,Firmicutes,Clostridia,Oscillospirales,Oscillospiraceae,
Otu326,Bacteria,Firmicutes,Clostridia,Lachnospirales,Lachnospiraceae,
Otu327,Bacteria,Firmicutes,Clostridia,Oscillospirales,Oscillospiraceae,
Otu328,Bacteria,Firmicutes,Bacilli,Lactobacillales,Streptococcaceae,Streptococcus
Otu329,Bacteria,Actinobacteriota,Coriobacteriia,Coriobacteriales,Eggerthellaceae,Enterorhabdus
Otu330,Bacteria,Firmicutes,Clostridia,Clostridia vadinBB60 group,NA,
Otu331,Bacteria,Bacteroidota,Bacteroidia,Bacteroidales,Prevotellaceae,
Otu332,Bacteria,Firmicutes,Clostridia,Oscillospirales,Butyricicoccaceae,UCG-009
Otu333,Bacteria,Firmicutes,Clostridia,Lachnospirales,Lachnospiraceae,
Otu334,Bacteria,Firmicutes,Clostridia,Oscillospirales,Oscillospiraceae,
Otu335,Bacteria,Firmicutes,Clostridia,Lachnospirales,Lachnospiraceae,
Otu336,Bacteria,Firmicutes,Bacilli,Erysipelotrichales,Erysipelotrichaceae,
Otu337,Bacteria,Firmicutes,Clostridia,Lachnospirales,Lachnospiraceae,
Otu338,Bacteria,Firmicutes,Negativicutes,Veillonellales-Selenomonadales,Selenomonadaceae,Megamonas
Otu339,Bacteria,Firmicutes,Clostridia,Oscillospirales,Ruminococcaceae,
Otu340,Bacteria,Proteobacteria,Alphaproteobacteria,Rhodospirillales,uncultured,
Otu341,Bacteria,Firmicutes,Clostridia,Oscillospirales,Oscillospiraceae,
Otu342,Bacteria,Firmicutes,Clostridia,Oscillospirales,Ruminococcaceae,
Otu343,Bacteria,Firmicutes,Clostridia,Peptostreptococcales-Tissierellales,Peptostreptococcaceae,
Otu344,Bacteria,Firmicutes,Clostridia,Lachnospirales,Lachnospiraceae,
Otu345,Bacteria,Bacteroidota,Bacteroidia,NA,NA,
Otu346,Bacteria,Firmicutes,Clostridia,Lachnospirales,Lachnospiraceae,uncultured
Otu347,Bacteria,Firmicutes,Clostridia,NA,NA,
Otu348,Bacteria,Firmicutes,Bacilli,Lactobacillales,Streptococcaceae,Lactococcus
Otu349,Bacteria,Firmicutes,Bacilli,RF39,NA,
Otu350,Bacteria,Firmicutes,Clostridia,Lachnospirales,Lachnospiraceae,Roseburia
Otu351,Bacteria,Firmicutes,Clostridia,Oscillospirales,Oscillospiraceae,
Otu352,Bacteria,Firmicutes,Clostridia,Lachnospirales,Lachnospiraceae,
Otu353,Bacteria,Firmicutes,Clostridia,Oscillospirales,Ruminococcaceae,Subdoligranulum
Otu354,Bacteria,Actinobacteriota,Coriobacteriia,Coriobacteriales,Eggerthellaceae,
Otu355,Unclassified,NA,NA,NA,NA,
Otu356,Bacteria,Bacteroidota,Bacteroidia,Bacteroidales,Bacteroidaceae,Bacteroides
Otu357,Bacteria,Firmicutes,Negativicutes,Veillonellales-Selenomonadales,Veillonellaceae,Dialister
Otu358,Bacteria,Firmicutes,Clostridia,Oscillospirales,Oscillospiraceae,
Otu359,Bacteria,Firmicutes,Clostridia,Oscillospirales,Ruminococcaceae,Incertae Sedis
Otu360,Bacteria,Firmicutes,Clostridia,Lachnospirales,Lachnospiraceae,
Otu361,Bacteria,Firmicutes,Clostridia,Lachnospirales,Lachnospiraceae,
Otu362,Bacteria,Firmicutes,Clostridia,Clostridia UCG-014,NA,
Otu363,Bacteria,Firmicutes,Clostridia,Lachnospirales,Lachnospiraceae,
Otu364,Bacteria,Firmicutes,Clostridia,Lachnospirales,Lachnospiraceae,
Otu365,Bacteria,Firmicutes,Clostridia,Lachnospirales,Lachnospiraceae,
Otu366,Bacteria,Firmicutes,Clostridia,Lachnospirales,Lachnospiraceae,
Otu367,Bacteria,Firmicutes,Clostridia,NA,NA,
Otu368,Bacteria,Firmicutes,Bacilli,RF39,NA,
Otu369,Bacteria,Firmicutes,Clostridia,Lachnospirales,Lachnospiraceae,
Otu370,Bacteria,Firmicutes,Clostridia,Clostridia UCG-014,NA,
Otu371,Bacteria,Firmicutes,Clostridia,Lachnospirales,Lachnospiraceae,uncultured
Otu372,Bacteria,Firmicutes,Clostridia,Clostridia vadinBB60 group,NA,
Otu373,Bacteria,Firmicutes,Clostridia,NA,NA,
Otu374,Bacteria,Firmicutes,Clostridia,Lachnospirales,Lachnospiraceae,
Otu375,Bacteria,Firmicutes,Clostridia,Oscillospirales,Ruminococcaceae,uncultured
Otu376,Bacteria,Firmicutes,Clostridia,Lachnospirales,Lachnospiraceae,Butyrivibrio
Otu377,Bacteria,Firmicutes,Clostridia,Peptostreptococcales-Tissierellales,Anaerovoracaceae,[Eubacterium] brachy group
Otu378,Bacteria,Firmicutes,Clostridia,Lachnospirales,Lachnospiraceae,Roseburia
Otu379,Bacteria,Firmicutes,Clostridia,Oscillospirales,NA,
Otu380,Bacteria,Fusobacteriota,Fusobacteriia,Fusobacteriales,Fusobacteriaceae,Fusobacterium
Otu381,Bacteria,Bacteroidota,Bacteroidia,Bacteroidales,NA,
Otu382,Bacteria,Bacteroidota,Bacteroidia,Bacteroidales,Marinifilaceae,Butyricimonas
Otu383,Bacteria,Firmicutes,Bacilli,Acholeplasmatales,Acholeplasmataceae,Anaeroplasma
Otu384,Bacteria,Firmicutes,Clostridia,Clostridia UCG-014,NA,
Otu385,Bacteria,Actinobacteriota,Coriobacteriia,Coriobacteriales,Eggerthellaceae,Slackia
Otu386,Bacteria,Firmicutes,Clostridia,Clostridia UCG-014,NA,
Otu387,Bacteria,Firmicutes,Clostridia,Clostridia UCG-014,NA,
Otu388,Bacteria,Firmicutes,Clostridia,Oscillospirales,Oscillospiraceae,
Otu389,Bacteria,Firmicutes,Clostridia,Oscillospirales,Ruminococcaceae,
Otu390,Bacteria,Firmicutes,Bacilli,Erysipelotrichales,Erysipelatoclostridiaceae,Erysipelatoclostridium
Otu391,Bacteria,Firmicutes,Clostridia,Lachnospirales,Lachnospiraceae,
Otu392,Bacteria,Firmicutes,Clostridia,Clostridia UCG-014,NA,
Otu393,Bacteria,Firmicutes,Clostridia,Lachnospirales,Lachnospiraceae,Lachnospiraceae NK4A136 group
Otu394,Unclassified,NA,NA,NA,NA,
Otu395,Bacteria,Firmicutes,Clostridia,Lachnospirales,Lachnospiraceae,
Otu396,Bacteria,Firmicutes,Clostridia,Clostridia UCG-014,NA,
Otu397,Bacteria,Firmicutes,Clostridia,Oscillospirales,Ruminococcaceae,
Otu398,Bacteria,Firmicutes,Clostridia,Lachnospirales,Lachnospiraceae,
Otu399,Bacteria,Firmicutes,Clostridia,Clostridia UCG-014,NA,
Otu400,Bacteria,Firmicutes,Clostridia,Christensenellales,Christensenellaceae,Christensenellaceae R-7 group
Otu401,Bacteria,Firmicutes,Clostridia,NA,NA,
Otu402,Bacteria,Firmicutes,Clostridia,Oscillospirales,Ruminococcaceae,
Otu403,Bacteria,Firmicutes,Clostridia,Lachnospirales,Lachnospiraceae,Blautia
Otu404,Bacteria,Firmicutes,Clostridia,Lachnospirales,Lachnospiraceae,Lachnospiraceae NK4A136 group
Otu405,Bacteria,Firmicutes,Clostridia,Oscillospirales,UCG-010,
Otu406,Bacteria,Actinobacteriota,Coriobacteriia,Coriobacteriales,Eggerthellaceae,
Otu407,Bacteria,Proteobacteria,Alphaproteobacteria,Rhodospirillales,uncultured,
Otu408,Bacteria,Firmicutes,Bacilli,Lactobacillales,Streptococcaceae,Streptococcus
Otu409,Bacteria,Firmicutes,Clostridia,Clostridia UCG-014,NA,
Otu410,Bacteria,Bacteroidota,Bacteroidia,Bacteroidales,Rikenellaceae,Alistipes
Otu411,Bacteria,Firmicutes,Clostridia,Lachnospirales,Lachnospiraceae,
Otu412,Bacteria,Firmicutes,Negativicutes,Veillonellales-Selenomonadales,NA,
Otu413,Bacteria,Firmicutes,Clostridia,Lachnospirales,Lachnospiraceae,uncultured
Otu414,Bacteria,Firmicutes,Bacilli,Erysipelotrichales,Erysipelotrichaceae,Holdemanella
Otu415,Bacteria,Firmicutes,Clostridia,Lachnospirales,Defluviitaleaceae,Defluviitaleaceae UCG-011
Otu416,Bacteria,Firmicutes,Clostridia,Lachnospirales,Lachnospiraceae,Tuzzerella
Otu417,Bacteria,Firmicutes,Clostridia,Lachnospirales,Lachnospiraceae,uncultured
Otu418,Bacteria,Firmicutes,Clostridia,Oscillospirales,Ruminococcaceae,
Otu419,Bacteria,Verrucomicrobiota,Lentisphaeria,Victivallales,vadinBE97,
Otu420,Bacteria,Firmicutes,Clostridia,NA,NA,
Otu421,Bacteria,Firmicutes,Clostridia,Peptostreptococcales-Tissierellales,Anaerovoracaceae,
Otu422,Bacteria,Firmicutes,Clostridia,Lachnospirales,Lachnospiraceae,Lachnospira
Otu423,Bacteria,Firmicutes,Clostridia,Peptostreptococcales-Tissierellales,Anaerovoracaceae,Family XIII AD3011 group
Otu424,Bacteria,Firmicutes,Clostridia,Oscillospirales,NA,
Otu425,Bacteria,Firmicutes,Clostridia,Lachnospirales,Lachnospiraceae,
Otu426,Bacteria,Firmicutes,Bacilli,Erysipelotrichales,Erysipelatoclostridiaceae,Erysipelatoclostridium
Otu427,Bacteria,Firmicutes,Clostridia,Oscillospirales,NA,
Otu428,Bacteria,Firmicutes,Clostridia,Peptostreptococcales-Tissierellales,Anaerovoracaceae,Family XIII AD3011 group
Otu429,Bacteria,Firmicutes,Bacilli,RF39,NA,
Otu430,Bacteria,Firmicutes,Clostridia,Oscillospirales,NA,
Otu431,Bacteria,Firmicutes,Bacilli,RF39,NA,
Otu432,Bacteria,Firmicutes,Clostridia,Lachnospirales,Lachnospiraceae,
Otu433,Bacteria,Firmicutes,Clostridia,Lachnospirales,Lachnospiraceae,
Otu434,Bacteria,Firmicutes,Clostridia,Peptostreptococcales-Tissierellales,Anaerovoracaceae,[Eubacterium] nodatum group
Otu435,Bacteria,Firmicutes,Clostridia,Clostridia UCG-014,NA,
Otu436,Bacteria,Firmicutes,Clostridia,Lachnospirales,Lachnospiraceae,
Otu437,Bacteria,Firmicutes,Clostridia,Christensenellales,Christensenellaceae,Christensenellaceae R-7 group
Otu438,Bacteria,Firmicutes,Bacilli,Erysipelotrichales,Erysipelotrichaceae,
Otu439,Bacteria,Firmicutes,Clostridia,Lachnospirales,Lachnospiraceae,
Otu440,Bacteria,Firmicutes,Bacilli,Lactobacillales,Streptococcaceae,Streptococcus
Otu441,Unclassified,NA,NA,NA,NA,
Otu442,Bacteria,Firmicutes,Clostridia,Lachnospirales,Lachnospiraceae,
Otu443,Bacteria,Firmicutes,Clostridia,Peptostreptococcales-Tissierellales,Anaerovoracaceae,Family XIII AD3011 group
Otu444,Bacteria,Firmicutes,Clostridia,Clostridia UCG-014,NA,
Otu445,Bacteria,Firmicutes,Bacilli,NA,NA,
Otu446,Bacteria,Firmicutes,Clostridia,Christensenellales,Christensenellaceae,Christensenellaceae R-7 group
Otu447,Bacteria,Firmicutes,Clostridia,Oscillospirales,Ruminococcaceae,
Otu448,Bacteria,Actinobacteriota,Actinobacteria,Micrococcales,Microbacteriaceae,
Otu449,Bacteria,Firmicutes,Clostridia,Lachnospirales,Lachnospiraceae,
Otu450,Bacteria,Firmicutes,Clostridia,Lachnospirales,Lachnospiraceae,
Otu451,Bacteria,Firmicutes,Clostridia,Lachnospirales,Lachnospiraceae,uncultured
Otu452,Bacteria,Firmicutes,Clostridia,Lachnospirales,Lachnospiraceae,
Otu453,Bacteria,Firmicutes,Clostridia,Oscillospirales,Butyricicoccaceae,Butyricicoccus
Otu454,Bacteria,Firmicutes,Clostridia,Lachnospirales,Lachnospiraceae,
Otu455,Bacteria,Firmicutes,Clostridia,Oscillospirales,Ruminococcaceae,uncultured
Otu456,Bacteria,Desulfobacterota,Desulfovibrionia,Desulfovibrionales,Desulfovibrionaceae,
Otu457,Bacteria,Firmicutes,Clostridia,Clostridia UCG-014,NA,
Otu458,Bacteria,Firmicutes,Bacilli,Lactobacillales,Lactobacillaceae,Leuconostoc
Otu459,Bacteria,Firmicutes,Clostridia,Clostridia UCG-014,NA,
Otu460,Bacteria,Firmicutes,Clostridia,Oscillospirales,Ruminococcaceae,Incertae Sedis
Otu461,Bacteria,Firmicutes,Clostridia,Lachnospirales,Lachnospiraceae,uncultured
Otu462,Bacteria,Firmicutes,Clostridia,Lachnospirales,Lachnospiraceae,
Otu463,Bacteria,Firmicutes,Clostridia,Christensenellales,Christensenellaceae,Christensenellaceae R-7 group
Otu464,Bacteria,Firmicutes,Clostridia,Lachnospirales,Lachnospiraceae,
Otu465,Bacteria,Firmicutes,Clostridia,Oscillospirales,Ruminococcaceae,
Otu466,Bacteria,Firmicutes,Clostridia,Lachnospirales,Lachnospiraceae,
Otu467,Bacteria,Firmicutes,Clostridia,Oscillospirales,Oscillospiraceae,
Otu468,Bacteria,Firmicutes,Clostridia,Peptococcales,Peptococcaceae,
Otu469,Bacteria,Actinobacteriota,Coriobacteriia,Coriobacteriales,Eggerthellaceae,uncultured
Otu470,Bacteria,Firmicutes,Clostridia,Lachnospirales,Lachnospiraceae,
Otu471,Bacteria,Firmicutes,Clostridia,Oscillospirales,Oscillospiraceae,uncultured
Otu472,Bacteria,Firmicutes,Clostridia,Oscillospirales,[Eubacterium] coprostanoligenes group,
Otu473,Bacteria,Bacteroidota,Bacteroidia,Bacteroidales,Tannerellaceae,Parabacteroides
Otu474,Bacteria,Firmicutes,Clostridia,Lachnospirales,Lachnospiraceae,
Otu475,Bacteria,Actinobacteriota,Coriobacteriia,Coriobacteriales,Atopobiaceae,
Otu476,Bacteria,Bacteroidota,Bacteroidia,Bacteroidales,NA,
Otu477,Bacteria,Firmicutes,Clostridia,Oscillospirales,Butyricicoccaceae,Butyricicoccus
Otu478,Bacteria,Firmicutes,Clostridia,Oscillospirales,Oscillospiraceae,
Otu479,Unclassified,NA,NA,NA,NA,
Otu480,Bacteria,Firmicutes,Clostridia,Lachnospirales,Lachnospiraceae,Lachnospiraceae NK4A136 group
Otu481,Bacteria,Firmicutes,Bacilli,RF39,NA,
Otu482,Bacteria,Firmicutes,Clostridia,Oscillospirales,Ruminococcaceae,
Otu483,Bacteria,Firmicutes,Clostridia,Clostridia vadinBB60 group,NA,
Otu484,Bacteria,Firmicutes,Clostridia,Lachnospirales,Lachnospiraceae,uncultured
Otu485,Bacteria,Firmicutes,Clostridia,NA,NA,
Otu486,Bacteria,Firmicutes,Clostridia,Clostridia vadinBB60 group,NA,
Otu487,Bacteria,Firmicutes,Clostridia,Oscillospirales,UCG-010,
Otu488,Bacteria,Firmicutes,Clostridia,Oscillospirales,Ruminococcaceae,
Otu489,Bacteria,Firmicutes,Clostridia,Peptostreptococcales-Tissierellales,Anaerovoracaceae,Family XIII AD3011 group
Otu490,Bacteria,Firmicutes,Clostridia,Oscillospirales,Ruminococcaceae,
Otu491,Bacteria,Firmicutes,Bacilli,RF39,NA,
Otu492,Bacteria,Firmicutes,Clostridia,Oscillospirales,NA,
Otu493,Bacteria,Firmicutes,Clostridia,Lachnospirales,Lachnospiraceae,
Otu494,Bacteria,Firmicutes,Clostridia,Lachnospirales,Lachnospiraceae,
Otu495,Bacteria,Firmicutes,Clostridia,Lachnospirales,Lachnospiraceae,Lachnospiraceae NK4A136 group
Otu496,Bacteria,Firmicutes,Clostridia,Christensenellales,Christensenellaceae,Christensenellaceae R-7 group
Otu497,Bacteria,Firmicutes,NA,NA,NA,
Otu498,Bacteria,Firmicutes,Clostridia,NA,NA,
Otu499,Bacteria,Firmicutes,Clostridia,Clostridia UCG-014,NA,
Otu500,Bacteria,Firmicutes,Clostridia,Clostridia vadinBB60 group,NA,
Otu501,Bacteria,Firmicutes,Bacilli,Erysipelotrichales,Erysipelotrichaceae,
Otu502,Bacteria,Firmicutes,Clostridia,Oscillospirales,NA,
Otu503,Bacteria,Proteobacteria,Alphaproteobacteria,Rhodospirillales,uncultured,
Otu504,Bacteria,Firmicutes,Clostridia,Lachnospirales,Lachnospiraceae,uncultured
Otu505,Bacteria,Proteobacteria,Gammaproteobacteria,Burkholderiales,Sutterellaceae,Sutterella
Otu506,Bacteria,Firmicutes,Clostridia,Clostridia UCG-014,NA,
Otu507,Bacteria,Bacteroidota,Bacteroidia,Bacteroidales,Bacteroidaceae,Bacteroides
Otu508,Bacteria,Firmicutes,Clostridia,Lachnospirales,Lachnospiraceae,
Otu509,Bacteria,Firmicutes,Clostridia,Oscillospirales,Ruminococcaceae,
Otu510,Bacteria,Firmicutes,Clostridia,Lachnospirales,Lachnospiraceae,Blautia
Otu511,Bacteria,Firmicutes,Clostridia,Lachnospirales,Lachnospiraceae,
Otu512,Bacteria,Firmicutes,Clostridia,NA,NA,
Otu513,Unclassified,NA,NA,NA,NA,
Otu514,Bacteria,Firmicutes,Negativicutes,Veillonellales-Selenomonadales,Veillonellaceae,Dialister
Otu515,Bacteria,Firmicutes,Clostridia,Oscillospirales,Ruminococcaceae,uncultured
Otu516,Bacteria,Proteobacteria,Gammaproteobacteria,Burkholderiales,Sutterellaceae,Sutterella
Otu517,Bacteria,Firmicutes,Clostridia,Lachnospirales,Lachnospiraceae,uncultured
Otu518,Bacteria,Actinobacteriota,Coriobacteriia,Coriobacteriales,uncultured,
Otu519,Bacteria,Firmicutes,Bacilli,RF39,NA,
Otu520,Bacteria,Firmicutes,Clostridia,Oscillospirales,NA,
Otu521,Bacteria,Firmicutes,Clostridia,Clostridia vadinBB60 group,NA,
Otu522,Unclassified,NA,NA,NA,NA,
Otu523,Bacteria,Actinobacteriota,Coriobacteriia,Coriobacteriales,Eggerthellaceae,Senegalimassilia
Otu524,Bacteria,Firmicutes,Clostridia,Lachnospirales,Lachnospiraceae,
Otu525,Bacteria,Firmicutes,Clostridia,Monoglobales,Monoglobaceae,Monoglobus
Otu526,Bacteria,Firmicutes,Clostridia,Lachnospirales,Lachnospiraceae,
Otu527,Bacteria,Desulfobacterota,Desulfovibrionia,Desulfovibrionales,Desulfovibrionaceae,Desulfovibrio
Otu528,Bacteria,Firmicutes,Clostridia,Clostridia UCG-014,NA,
Otu529,Unclassified,NA,NA,NA,NA,
Otu530,Bacteria,Actinobacteriota,Actinobacteria,Micrococcales,NA,
Otu531,Bacteria,Firmicutes,Clostridia,Clostridia UCG-014,NA,
Otu532,Bacteria,Firmicutes,Clostridia,Peptostreptococcales-Tissierellales,Anaerovoracaceae,Family XIII AD3011 group
Otu533,Bacteria,Firmicutes,Bacilli,NA,NA,
Otu534,Bacteria,Firmicutes,Bacilli,Bacillales,Marinococcaceae,Natribacillus
Otu535,Bacteria,Firmicutes,Clostridia,Christensenellales,Christensenellaceae,Christensenellaceae R-7 group
Otu536,Bacteria,Firmicutes,Bacilli,RF39,NA,
Otu537,Bacteria,Firmicutes,Clostridia,Christensenellales,Christensenellaceae,uncultured
Otu538,Bacteria,Firmicutes,Clostridia,Oscillospirales,NA,
Otu539,Bacteria,Firmicutes,Clostridia,Oscillospirales,NA,
Otu540,Bacteria,Firmicutes,Clostridia,Clostridia vadinBB60 group,NA,
Otu541,Bacteria,Proteobacteria,Alphaproteobacteria,Rhizobiales,Rhizobiaceae,Allorhizobium-Neorhizobium-Pararhizobium-Rhizobium
Otu542,Bacteria,Firmicutes,Clostridia,Oscillospirales,Oscillospiraceae,
Otu543,Bacteria,Proteobacteria,Alphaproteobacteria,Rhodospirillales,uncultured,
Otu544,Bacteria,Firmicutes,Bacilli,Erysipelotrichales,Erysipelotrichaceae,uncultured
Otu545,Bacteria,Firmicutes,Clostridia,Clostridia UCG-014,NA,
Otu546,Bacteria,Firmicutes,Clostridia,Clostridia vadinBB60 group,NA,
Otu547,Bacteria,Firmicutes,Clostridia,Oscillospirales,Ruminococcaceae,
Otu548,Bacteria,Bacteroidota,Bacteroidia,Bacteroidales,Bacteroidaceae,Bacteroides
Otu549,Bacteria,Firmicutes,Clostridia,Lachnospirales,Lachnospiraceae,
Otu550,Bacteria,Firmicutes,Clostridia,Peptostreptococcales-Tissierellales,Peptostreptococcaceae,Intestinibacter
Otu551,Bacteria,Firmicutes,Clostridia,Lachnospirales,Lachnospiraceae,
Otu552,Bacteria,Firmicutes,Clostridia,Oscillospirales,Ruminococcaceae,
Otu553,Bacteria,Firmicutes,Clostridia,Oscillospirales,Oscillospiraceae,UCG-005
Otu554,Bacteria,Firmicutes,Clostridia,Lachnospirales,Lachnospiraceae,
Otu555,Bacteria,Firmicutes,Clostridia,Monoglobales,Monoglobaceae,Monoglobus
Otu556,Bacteria,Firmicutes,Clostridia,Christensenellales,Christensenellaceae,uncultured
Otu557,Bacteria,Firmicutes,Clostridia,Oscillospirales,[Eubacterium] coprostanoligenes group,
Otu558,Unclassified,NA,NA,NA,NA,
Otu559,Bacteria,Firmicutes,Clostridia,Christensenellales,Christensenellaceae,uncultured
Otu560,Bacteria,Firmicutes,Clostridia,Christensenellales,Christensenellaceae,Christensenellaceae R-7 group
Otu561,Bacteria,Firmicutes,Clostridia,Christensenellales,Christensenellaceae,Christensenellaceae R-7 group
Otu562,Bacteria,Firmicutes,Clostridia,Oscillospirales,NA,
Otu563,Bacteria,Firmicutes,Clostridia,Lachnospirales,Lachnospiraceae,
Otu564,Bacteria,Firmicutes,Clostridia,Oscillospirales,NA,
Otu565,Bacteria,Firmicutes,Bacilli,Acholeplasmatales,Acholeplasmataceae,Anaeroplasma
Otu566,Bacteria,Cyanobacteria,Vampirivibrionia,Gastranaerophilales,NA,
Otu567,Bacteria,Firmicutes,Clostridia,Christensenellales,Christensenellaceae,
Otu568,Bacteria,Firmicutes,Clostridia,Lachnospirales,Lachnospiraceae,
Otu569,Unclassified,NA,NA,NA,NA,
Otu570,Bacteria,Firmicutes,Clostridia,Lachnospirales,Lachnospiraceae,uncultured
Otu571,Bacteria,Firmicutes,Clostridia,Oscillospirales,Ruminococcaceae,
Otu572,Bacteria,Firmicutes,Clostridia,Oscillospirales,Ruminococcaceae,
Otu573,Bacteria,Firmicutes,Clostridia,NA,NA,
Otu574,Bacteria,NA,NA,NA,NA,
Otu575,Bacteria,Firmicutes,Clostridia,Oscillospirales,NA,
Otu576,Bacteria,Bacteroidota,Bacteroidia,Bacteroidales,Prevotellaceae,Prevotella
Otu577,Bacteria,Firmicutes,Clostridia,Clostridia vadinBB60 group,NA,
Otu578,Bacteria,Firmicutes,Clostridia,NA,NA,
Otu579,Unclassified,NA,NA,NA,NA,
Otu580,Bacteria,Firmicutes,Clostridia,Clostridia vadinBB60 group,NA,
Otu581,Bacteria,Firmicutes,Clostridia,Oscillospirales,NA,
Otu582,Bacteria,Firmicutes,Clostridia,Oscillospirales,Ruminococcaceae,
Otu583,Bacteria,Firmicutes,Clostridia,Lachnospirales,Lachnospiraceae,
Otu584,Bacteria,Firmicutes,Clostridia,Oscillospirales,Ruminococcaceae,Negativibacillus
Otu585,Bacteria,Firmicutes,Clostridia,Oscillospirales,Oscillospiraceae,uncultured
Otu586,Unclassified,NA,NA,NA,NA,
Otu587,Bacteria,Firmicutes,Bacilli,Erysipelotrichales,Erysipelotrichaceae,
Otu588,Bacteria,Actinobacteriota,Coriobacteriia,Coriobacteriales,Eggerthellaceae,Gordonibacter
Otu589,Bacteria,Firmicutes,Clostridia,Oscillospirales,Ruminococcaceae,Incertae Sedis
Otu590,Bacteria,Firmicutes,Clostridia,Peptococcales,Peptococcaceae,Peptococcus
Otu591,Unclassified,NA,NA,NA,NA,
Otu592,Bacteria,Firmicutes,Clostridia,Lachnospirales,Lachnospiraceae,
Otu593,Bacteria,NA,NA,NA,NA,
Otu594,Bacteria,Firmicutes,Clostridia,Clostridia vadinBB60 group,NA,
Otu595,Bacteria,Firmicutes,Clostridia,Oscillospirales,Ruminococcaceae,
Otu596,Bacteria,Firmicutes,Clostridia,Christensenellales,Christensenellaceae,Christensenellaceae R-7 group
Otu597,Unclassified,NA,NA,NA,NA,
Otu598,Bacteria,Firmicutes,Clostridia,Clostridia UCG-014,NA,
Otu599,Bacteria,Firmicutes,Clostridia,Lachnospirales,Lachnospiraceae,[Eubacterium] ventriosum group
Otu600,Bacteria,Firmicutes,Clostridia,Oscillospirales,Ruminococcaceae,
Otu601,Bacteria,Actinobacteriota,Actinobacteria,Actinomycetales,Actinomycetaceae,Actinomyces
Otu602,Bacteria,Firmicutes,Bacilli,RF39,NA,
Otu603,Bacteria,Firmicutes,Clostridia,Lachnospirales,Lachnospiraceae,
Otu604,Bacteria,Firmicutes,Clostridia,NA,NA,
Otu605,Bacteria,Firmicutes,Clostridia,Lachnospirales,Lachnospiraceae,
Otu606,Bacteria,Firmicutes,Clostridia,Peptococcales,Peptococcaceae,Peptococcus
Otu607,Bacteria,Firmicutes,Clostridia,Clostridia vadinBB60 group,NA,
Otu608,Bacteria,Firmicutes,Clostridia,Oscillospirales,Butyricicoccaceae,Butyricicoccus
Otu609,Bacteria,Proteobacteria,Alphaproteobacteria,Rhizobiales,Rhizobiaceae,Mesorhizobium
Otu610,Bacteria,Firmicutes,Clostridia,Clostridia vadinBB60 group,NA,
Otu611,Bacteria,Firmicutes,Clostridia,Clostridia vadinBB60 group,NA,
Otu612,Bacteria,Firmicutes,Clostridia,Lachnospirales,Lachnospiraceae,
Otu613,Bacteria,Firmicutes,Clostridia,Clostridia UCG-014,NA,
Otu614,Bacteria,Bacteroidota,Bacteroidia,Bacteroidales,Prevotellaceae,Prevotella
Otu615,Bacteria,Firmicutes,Clostridia,Lachnospirales,Lachnospiraceae,uncultured
Otu616,Bacteria,Firmicutes,Clostridia,Oscillospirales,UCG-010,
Otu617,Bacteria,Firmicutes,Clostridia,Clostridia UCG-014,NA,
Otu618,Unclassified,NA,NA,NA,NA,
Otu619,Bacteria,Firmicutes,Bacilli,Erysipelotrichales,Erysipelatoclostridiaceae,
Otu620,Bacteria,Firmicutes,Clostridia,NA,NA,
Otu621,Bacteria,Firmicutes,Clostridia,Oscillospirales,NA,
Otu622,Bacteria,Firmicutes,Bacilli,RF39,NA,
Otu623,Bacteria,Firmicutes,Clostridia,Lachnospirales,Lachnospiraceae,Lachnospiraceae XPB1014 group
Otu624,Bacteria,Firmicutes,Clostridia,Oscillospirales,Oscillospiraceae,uncultured
Otu625,Bacteria,Firmicutes,Clostridia,Clostridia UCG-014,NA,
Otu626,Bacteria,Firmicutes,Clostridia,Oscillospirales,Ruminococcaceae,
Otu627,Bacteria,Firmicutes,Clostridia,NA,NA,
Otu628,Bacteria,Firmicutes,Clostridia,Christensenellales,Christensenellaceae,Christensenellaceae R-7 group
Otu629,Bacteria,Firmicutes,Clostridia,Peptococcales,Peptococcaceae,uncultured
Otu630,Unclassified,NA,NA,NA,NA,
Otu631,Unclassified,NA,NA,NA,NA,
Otu632,Unclassified,NA,NA,NA,NA,
Otu633,Bacteria,Cyanobacteria,Vampirivibrionia,Gastranaerophilales,NA,
Otu634,Bacteria,Actinobacteriota,Actinobacteria,Micrococcales,NA,
Otu635,Unclassified,NA,NA,NA,NA,
Otu636,Bacteria,Firmicutes,Clostridia,NA,NA,
Otu637,Bacteria,Firmicutes,Clostridia,Clostridia vadinBB60 group,NA,
Otu638,Bacteria,Firmicutes,Clostridia,Oscillospirales,Ruminococcaceae,
Otu639,Bacteria,Desulfobacterota,Desulfovibrionia,Desulfovibrionales,Desulfovibrionaceae,Desulfovibrio
Otu640,Bacteria,Firmicutes,Clostridia,Lachnospirales,Lachnospiraceae,uncultured
Otu641,Bacteria,Firmicutes,Clostridia,NA,NA,
Otu642,Bacteria,Firmicutes,Bacilli,RF39,NA,
Otu643,Bacteria,Bacteroidota,Bacteroidia,Flavobacteriales,Weeksellaceae,Chryseobacterium
Otu644,Bacteria,Firmicutes,Clostridia,Lachnospirales,Lachnospiraceae,
Otu645,Bacteria,Firmicutes,Clostridia,Clostridia vadinBB60 group,NA,
Otu646,Bacteria,Bacteroidota,Bacteroidia,Bacteroidales,Prevotellaceae,Prevotella
Otu647,Bacteria,Firmicutes,Clostridia,Oscillospirales,Ruminococcaceae,
Otu648,Bacteria,Firmicutes,Clostridia,Clostridia UCG-014,NA,
Otu649,Bacteria,Firmicutes,Clostridia,Oscillospirales,Oscillospiraceae,Oscillibacter
Otu650,Bacteria,Firmicutes,NA,NA,NA,
Otu651,Bacteria,Firmicutes,Clostridia,Lachnospirales,Lachnospiraceae,uncultured
Otu652,Bacteria,Firmicutes,Clostridia,Oscillospirales,UCG-010,
Otu653,Bacteria,Proteobacteria,Gammaproteobacteria,Pseudomonadales,Pseudomonadaceae,Pseudomonas
Otu654,Bacteria,Firmicutes,Bacilli,Erysipelotrichales,Erysipelotrichaceae,
Otu655,Bacteria,Firmicutes,Clostridia,Lachnospirales,Lachnospiraceae,
Otu656,Unclassified,NA,NA,NA,NA,
Otu657,Bacteria,Firmicutes,Clostridia,Christensenellales,Christensenellaceae,Christensenellaceae R-7 group
Otu658,Bacteria,Bacteroidota,Bacteroidia,Bacteroidales,Muribaculaceae,
Otu659,Unclassified,NA,NA,NA,NA,
Otu660,Bacteria,Patescibacteria,Saccharimonadia,Saccharimonadales,Saccharimonadaceae,Candidatus Saccharimonas
Otu661,Bacteria,Firmicutes,Clostridia,Clostridia vadinBB60 group,NA,
Otu662,Unclassified,NA,NA,NA,NA,
Otu663,Bacteria,Firmicutes,Clostridia,Oscillospirales,NA,
Otu664,Bacteria,Cyanobacteria,Vampirivibrionia,Gastranaerophilales,NA,
Otu665,Bacteria,Firmicutes,Clostridia,Christensenellales,Christensenellaceae,uncultured
Otu666,Bacteria,Firmicutes,Clostridia,Peptococcales,Peptococcaceae,uncultured
Otu667,Unclassified,NA,NA,NA,NA,
Otu668,Bacteria,Firmicutes,Clostridia,Clostridia UCG-014,NA,
Otu669,Bacteria,Patescibacteria,Saccharimonadia,Saccharimonadales,Saccharimonadaceae,Candidatus Saccharimonas
Otu670,Bacteria,Firmicutes,Bacilli,Erysipelotrichales,Erysipelotrichaceae,
Otu671,Bacteria,Firmicutes,Bacilli,RF39,NA,
Otu672,Unclassified,NA,NA,NA,NA,
Otu673,Bacteria,Firmicutes,Clostridia,Oscillospirales,Oscillospiraceae,
Otu674,Bacteria,Actinobacteriota,Coriobacteriia,Coriobacteriales,Eggerthellaceae,
Otu675,Bacteria,Firmicutes,Clostridia,Oscillospirales,Oscillospiraceae,
Otu676,Bacteria,Firmicutes,Clostridia,Lachnospirales,Lachnospiraceae,Howardella
Otu677,Bacteria,Firmicutes,Clostridia,Clostridia vadinBB60 group,NA,
Otu678,Unclassified,NA,NA,NA,NA,
Otu679,Bacteria,Firmicutes,Clostridia,Oscillospirales,UCG-010,
Otu680,Bacteria,Firmicutes,Clostridia,Clostridia vadinBB60 group,NA,
Otu681,Bacteria,Firmicutes,Clostridia,Lachnospirales,Lachnospiraceae,
Otu682,Bacteria,Firmicutes,Clostridia,Peptostreptococcales-Tissierellales,Anaerovoracaceae,
Otu683,Unclassified,NA,NA,NA,NA,
Otu684,Bacteria,Firmicutes,Clostridia,Clostridia UCG-014,NA,
Otu685,Bacteria,Firmicutes,Clostridia,Clostridia vadinBB60 group,NA,
Otu686,Bacteria,Desulfobacterota,Desulfovibrionia,Desulfovibrionales,Desulfovibrionaceae,uncultured
Otu687,Bacteria,Firmicutes,Clostridia,Oscillospirales,NA,
Otu688,Unclassified,NA,NA,NA,NA,
Otu689,Bacteria,Firmicutes,Clostridia,Oscillospirales,Butyricicoccaceae,UCG-008
Otu690,Bacteria,Firmicutes,Clostridia,Lachnospirales,Lachnospiraceae,
Otu691,Bacteria,Firmicutes,Clostridia,Oscillospirales,NA,
Otu692,Bacteria,Firmicutes,Clostridia,Oscillospirales,[Eubacterium] coprostanoligenes group,
Otu693,Bacteria,Firmicutes,Bacilli,RF39,NA,
Otu694,Bacteria,Firmicutes,Clostridia,Christensenellales,Christensenellaceae,
Otu695,Bacteria,Firmicutes,Clostridia,Oscillospirales,Ruminococcaceae,
Otu696,Bacteria,Firmicutes,Clostridia,Oscillospirales,Oscillospiraceae,
Otu697,Bacteria,Firmicutes,Bacilli,Erysipelotrichales,Erysipelotrichaceae,Faecalitalea
Otu698,Bacteria,Desulfobacterota,Desulfovibrionia,Desulfovibrionales,Desulfovibrionaceae,uncultured
Otu699,Unclassified,NA,NA,NA,NA,
Otu700,Bacteria,Firmicutes,Clostridia,Oscillospirales,NA,
Otu701,Bacteria,Firmicutes,Clostridia,NA,NA,
Otu702,Bacteria,Firmicutes,Clostridia,Lachnospirales,Lachnospiraceae,Blautia
Otu703,Bacteria,Firmicutes,Clostridia,Oscillospirales,Ruminococcaceae,
Otu704,Unclassified,NA,NA,NA,NA,
Otu705,Unclassified,NA,NA,NA,NA,
Otu706,Bacteria,Firmicutes,Clostridia,Oscillospirales,Oscillospiraceae,
Otu707,Bacteria,Firmicutes,Clostridia,Peptostreptococcales-Tissierellales,Anaerovoracaceae,
Otu708,Unclassified,NA,NA,NA,NA,
Otu709,Bacteria,Actinobacteriota,Coriobacteriia,Coriobacteriales,Eggerthellaceae,Slackia
Otu710,Unclassified,NA,NA,NA,NA,
Otu711,Bacteria,Firmicutes,Clostridia,Lachnospirales,Lachnospiraceae,uncultured
Otu712,Bacteria,Firmicutes,Clostridia,Lachnospirales,Lachnospiraceae,
Otu713,Bacteria,Patescibacteria,Saccharimonadia,Saccharimonadales,Saccharimonadaceae,Candidatus Saccharimonas
Otu714,Bacteria,Firmicutes,Clostridia,Peptococcales,Peptococcaceae,uncultured
Otu715,Bacteria,Firmicutes,NA,NA,NA,
Otu716,Bacteria,Patescibacteria,Saccharimonadia,Saccharimonadales,Saccharimonadaceae,Candidatus Saccharimonas
Otu717,Bacteria,Firmicutes,Bacilli,RF39,NA,
Otu718,Bacteria,Firmicutes,Clostridia,Oscillospirales,Ruminococcaceae,
Otu719,Bacteria,Desulfobacterota,Desulfovibrionia,Desulfovibrionales,Desulfovibrionaceae,uncultured
Otu720,Bacteria,Firmicutes,Clostridia,NA,NA,
Otu721,Unclassified,NA,NA,NA,NA,
Otu722,Bacteria,Firmicutes,Clostridia,NA,NA,
Otu723,Bacteria,Firmicutes,Clostridia,Oscillospirales,Ruminococcaceae,
Otu724,Bacteria,Firmicutes,Clostridia,Lachnospirales,Lachnospiraceae,
Otu725,Bacteria,Firmicutes,Bacilli,RF39,NA,
Otu726,Bacteria,Firmicutes,Clostridia,Clostridiales,Clostridiaceae,Clostridium sensu stricto 1
Otu727,Unclassified,NA,NA,NA,NA,
Otu728,Bacteria,Bacteroidota,Bacteroidia,Bacteroidales,Muribaculaceae,
Otu729,Bacteria,Actinobacteriota,Actinobacteria,Micrococcales,Microbacteriaceae,
Otu730,Bacteria,Cyanobacteria,Cyanobacteriia,Chloroplast,NA,
Otu731,Unclassified,NA,NA,NA,NA,
Otu732,Bacteria,Proteobacteria,Gammaproteobacteria,Burkholderiales,NA,
Otu733,Bacteria,Firmicutes,Clostridia,Oscillospirales,Ruminococcaceae,[Eubacterium] siraeum group
Otu734,Bacteria,Firmicutes,Clostridia,Clostridia vadinBB60 group,NA,
Otu735,Bacteria,NA,NA,NA,NA,
Otu736,Bacteria,Firmicutes,Clostridia,Oscillospirales,Ruminococcaceae,
Otu737,Bacteria,Firmicutes,Clostridia,Oscillospirales,Ruminococcaceae,[Eubacterium] siraeum group
Otu738,Bacteria,Firmicutes,Clostridia,Oscillospirales,NA,
Otu739,Unclassified,NA,NA,NA,NA,
Otu740,Bacteria,Firmicutes,Clostridia,Lachnospirales,Lachnospiraceae,
Otu741,Bacteria,Firmicutes,Clostridia,Oscillospirales,Ruminococcaceae,
Otu742,Bacteria,Proteobacteria,Alphaproteobacteria,Rhizobiales,Xanthobacteraceae,
Otu743,Bacteria,Firmicutes,Clostridia,Lachnospirales,Lachnospiraceae,uncultured
Otu744,Bacteria,Firmicutes,Clostridia,Oscillospirales,UCG-010,
Otu745,Bacteria,Firmicutes,Clostridia,Oscillospirales,NA,
Otu746,Unclassified,NA,NA,NA,NA,
Otu747,Bacteria,Firmicutes,Clostridia,Clostridia vadinBB60 group,NA,
Otu748,Bacteria,Firmicutes,Clostridia,Peptostreptococcales-Tissierellales,Family XI,Finegoldia
Otu749,Unclassified,NA,NA,NA,NA,
Otu750,Unclassified,NA,NA,NA,NA,
Otu751,Bacteria,Firmicutes,Bacilli,Erysipelotrichales,Erysipelotrichaceae,uncultured
Otu752,Unclassified,NA,NA,NA,NA,
Otu753,Bacteria,Firmicutes,Clostridia,Christensenellales,Christensenellaceae,Christensenellaceae R-7 group
Otu754,Unclassified,NA,NA,NA,NA,
Otu755,Unclassified,NA,NA,NA,NA,
Otu756,Unclassified,NA,NA,NA,NA,
Otu757,Bacteria,Firmicutes,Bacilli,RF39,NA,
Otu758,Unclassified,NA,NA,NA,NA,
Otu759,Bacteria,Proteobacteria,Alphaproteobacteria,Rhizobiales,Beijerinckiaceae,Methylobacterium-Methylorubrum
Otu760,Unclassified,NA,NA,NA,NA,
Otu761,Bacteria,Verrucomicrobiota,Lentisphaeria,Victivallales,NA,
Otu762,Bacteria,Proteobacteria,Gammaproteobacteria,Pseudomonadales,Pseudomonadaceae,Pseudomonas
Otu763,Bacteria,Firmicutes,Bacilli,Erysipelotrichales,Erysipelotrichaceae,
Otu764,Bacteria,Cyanobacteria,Cyanobacteriia,Chloroplast,NA,
Otu765,Bacteria,Firmicutes,Clostridia,Lachnospirales,Lachnospiraceae,
Otu766,Bacteria,Firmicutes,Clostridia,Oscillospirales,NA,
Otu767,Bacteria,Firmicutes,Clostridia,Lachnospirales,Lachnospiraceae,
Otu768,Unclassified,NA,NA,NA,NA,
Otu769,Unclassified,NA,NA,NA,NA,
Otu770,Bacteria,Cyanobacteria,Cyanobacteriia,Chloroplast,NA,
Otu771,Bacteria,Firmicutes,Clostridia,Oscillospirales,Ruminococcaceae,
Otu772,Unclassified,NA,NA,NA,NA,
Otu773,Unclassified,NA,NA,NA,NA,
Otu774,Bacteria,Firmicutes,Clostridia,NA,NA,
Otu775,Unclassified,NA,NA,NA,NA,
Otu776,Bacteria,Firmicutes,Clostridia,Lachnospirales,Lachnospiraceae,[Eubacterium] oxidoreducens group
Otu777,Bacteria,Firmicutes,Clostridia,Christensenellales,Christensenellaceae,Christensenellaceae R-7 group
Otu778,Unclassified,NA,NA,NA,NA,
Otu779,Unclassified,NA,NA,NA,NA,
Otu780,Bacteria,Firmicutes,Clostridia,Lachnospirales,Lachnospiraceae,Lachnospiraceae UCG-001
Otu781,Bacteria,Bacteroidota,Bacteroidia,Bacteroidales,Muribaculaceae,
Otu782,Unclassified,NA,NA,NA,NA,
Otu783,Bacteria,Bacteroidota,Bacteroidia,Bacteroidales,NA,
Otu784,Unclassified,NA,NA,NA,NA,
Otu785,Unclassified,NA,NA,NA,NA,
Otu786,Unclassified,NA,NA,NA,NA,
Otu787,Bacteria,Bacteroidota,Bacteroidia,Bacteroidales,Marinifilaceae,Sanguibacteroides
Otu788,Unclassified,NA,NA,NA,NA,
Otu789,Bacteria,Firmicutes,Clostridia,Lachnospirales,Lachnospiraceae,
Otu790,Bacteria,Patescibacteria,Saccharimonadia,Saccharimonadales,Saccharimonadaceae,Candidatus Saccharimonas
Otu791,Unclassified,NA,NA,NA,NA,
Otu792,Unclassified,NA,NA,NA,NA,
Otu793,Unclassified,NA,NA,NA,NA,
Otu794,Unclassified,NA,NA,NA,NA,
Otu795,Bacteria,Firmicutes,Clostridia,Lachnospirales,Lachnospiraceae,Roseburia
Otu796,Bacteria,Actinobacteriota,Coriobacteriia,Coriobacteriales,Eggerthellaceae,Eggerthella
Otu797,Unclassified,NA,NA,NA,NA,
Otu798,Unclassified,NA,NA,NA,NA,
Otu799,Bacteria,Firmicutes,Clostridia,Oscillospirales,NA,
Otu800,Bacteria,Firmicutes,Clostridia,Oscillospirales,Ruminococcaceae,
Otu801,Unclassified,NA,NA,NA,NA,
Otu802,Unclassified,NA,NA,NA,NA,
Otu803,Unclassified,NA,NA,NA,NA,
Otu804,Unclassified,NA,NA,NA,NA,
Otu805,Unclassified,NA,NA,NA,NA,
Otu806,Unclassified,NA,NA,NA,NA,
Otu807,Bacteria,Firmicutes,Clostridia,Lachnospirales,Lachnospiraceae,
Otu808,Bacteria,Firmicutes,Clostridia,Lachnospirales,Lachnospiraceae,
Otu809,Bacteria,NA,NA,NA,NA,
Otu810,Bacteria,Firmicutes,Clostridia,Lachnospirales,Lachnospiraceae,Roseburia
Otu811,Unclassified,NA,NA,NA,NA,
Otu812,Unclassified,NA,NA,NA,NA,
Otu813,Unclassified,NA,NA,NA,NA,
Otu814,Bacteria,Firmicutes,Negativicutes,Acidaminococcales,Acidaminococcaceae,Phascolarctobacterium
Otu815,Bacteria,Verrucomicrobiota,Lentisphaeria,Victivallales,Victivallaceae,Victivallis
Otu816,Bacteria,Bacteroidota,Bacteroidia,Bacteroidales,Muribaculaceae,
Otu817,Unclassified,NA,NA,NA,NA,
Otu818,Bacteria,Firmicutes,Clostridia,Lachnospirales,Lachnospiraceae,
Otu819,Unclassified,NA,NA,NA,NA,
Otu820,Unclassified,NA,NA,NA,NA,
Otu821,Unclassified,NA,NA,NA,NA,
Otu822,Unclassified,NA,NA,NA,NA,
Otu823,Bacteria,Firmicutes,Bacilli,Erysipelotrichales,Erysipelotrichaceae,Faecalitalea
Otu824,Unclassified,NA,NA,NA,NA,
Otu825,Bacteria,Proteobacteria,Gammaproteobacteria,Pseudomonadales,Pseudomonadaceae,Pseudomonas
Otu826,Unclassified,NA,NA,NA,NA,
Otu827,Bacteria,Bacteroidota,Bacteroidia,NA,NA,
Otu828,Unclassified,NA,NA,NA,NA,
Otu829,Unclassified,NA,NA,NA,NA,
Otu830,Unclassified,NA,NA,NA,NA,
Otu831,Unclassified,NA,NA,NA,NA,
Otu832,Bacteria,Firmicutes,Clostridia,Lachnospirales,Lachnospiraceae,
Otu833,Bacteria,Firmicutes,Clostridia,Lachnospirales,Lachnospiraceae,
Otu834,Bacteria,Firmicutes,Clostridia,NA,NA,
Otu835,Bacteria,Bacteroidota,Bacteroidia,Bacteroidales,Muribaculaceae,
Otu836,Bacteria,Deinococcota,Deinococci,Deinococcales,Deinococcaceae,Deinococcus
Otu837,Bacteria,Bacteroidota,Bacteroidia,Bacteroidales,Muribaculaceae,
Otu838,Unclassified,NA,NA,NA,NA,
Otu839,Bacteria,Bacteroidota,Bacteroidia,Bacteroidales,NA,
Otu840,Bacteria,Bacteroidota,Bacteroidia,Bacteroidales,Barnesiellaceae,Barnesiella
Otu841,Unclassified,NA,NA,NA,NA,
Otu842,Unclassified,NA,NA,NA,NA,
Otu843,Unclassified,NA,NA,NA,NA,
Otu844,Bacteria,NA,NA,NA,NA,
Otu845,Bacteria,NA,NA,NA,NA,
Otu846,Unclassified,NA,NA,NA,NA,
Otu847,Unclassified,NA,NA,NA,NA,
Otu848,Bacteria,Firmicutes,Clostridia,Lachnospirales,Lachnospiraceae,uncultured
Otu849,Unclassified,NA,NA,NA,NA,
Otu850,Bacteria,Firmicutes,Clostridia,Monoglobales,Monoglobaceae,Monoglobus
Otu851,Bacteria,NA,NA,NA,NA,
Otu852,Unclassified,NA,NA,NA,NA,
Otu853,Bacteria,Firmicutes,Clostridia,Lachnospirales,Lachnospiraceae,
Otu854,Unclassified,NA,NA,NA,NA,
Otu855,Bacteria,Firmicutes,Clostridia,Lachnospirales,Lachnospiraceae,uncultured
Otu856,Bacteria,Firmicutes,Clostridia,Lachnospirales,Lachnospiraceae,
Otu857,Unclassified,NA,NA,NA,NA,
Otu858,Unclassified,NA,NA,NA,NA,
Otu859,Bacteria,Firmicutes,Clostridia,NA,NA,
Otu860,Unclassified,NA,NA,NA,NA,
Otu861,Bacteria,Firmicutes,Clostridia,Lachnospirales,Lachnospiraceae,
Otu862,Unclassified,NA,NA,NA,NA,
Otu863,Bacteria,Bacteroidota,Bacteroidia,Bacteroidales,Dysgonomonadaceae,uncultured
Otu864,Unclassified,NA,NA,NA,NA,
Otu865,Bacteria,Bacteroidota,Bacteroidia,Bacteroidales,Muribaculaceae,
Otu866,Bacteria,Bacteroidota,Bacteroidia,Bacteroidales,NA,
Otu867,Unclassified,NA,NA,NA,NA,
Otu868,Bacteria,Actinobacteriota,Actinobacteria,Corynebacteriales,Corynebacteriaceae,Corynebacterium
Otu869,Bacteria,Firmicutes,Clostridia,Oscillospirales,Ruminococcaceae,
Otu870,Bacteria,Firmicutes,Clostridia,Oscillospirales,Oscillospiraceae,
Otu871,Unclassified,NA,NA,NA,NA,
Otu872,Unclassified,NA,NA,NA,NA,
Otu873,Bacteria,Firmicutes,Bacilli,Erysipelotrichales,Erysipelotrichaceae,
Otu874,Unclassified,NA,NA,NA,NA,
Otu875,Bacteria,Firmicutes,Clostridia,Oscillospirales,Ruminococcaceae,Ruminococcus
Otu876,Bacteria,Firmicutes,Clostridia,NA,NA,
Otu877,Unclassified,NA,NA,NA,NA,
Otu878,Unclassified,NA,NA,NA,NA,
Otu879,Bacteria,Firmicutes,Clostridia,Lachnospirales,Lachnospiraceae,
Otu880,Unclassified,NA,NA,NA,NA,
Otu881,Unclassified,NA,NA,NA,NA,
Otu882,Unclassified,NA,NA,NA,NA,
Otu883,Bacteria,Firmicutes,Clostridia,Clostridiales,Clostridiaceae,Clostridium sensu stricto 13
Otu884,Bacteria,Firmicutes,NA,NA,NA,
Otu885,Unclassified,NA,NA,NA,NA,
Otu886,Unclassified,NA,NA,NA,NA,
Otu887,Unclassified,NA,NA,NA,NA,
Otu888,Unclassified,NA,NA,NA,NA,
Otu889,Bacteria,Firmicutes,Clostridia,Oscillospirales,NA,
Otu890,Bacteria,Firmicutes,Clostridia,Oscillospirales,Ruminococcaceae,Negativibacillus
Otu891,Unclassified,NA,NA,NA,NA,
Otu892,Unclassified,NA,NA,NA,NA,
Otu893,Unclassified,NA,NA,NA,NA,
Otu894,Bacteria,Firmicutes,Clostridia,Oscillospirales,Oscillospiraceae,
Otu895,Bacteria,Firmicutes,Clostridia,Peptococcales,Peptococcaceae,Peptococcus
Otu896,Unclassified,NA,NA,NA,NA,
Otu897,Bacteria,Firmicutes,Bacilli,Erysipelotrichales,Erysipelotrichaceae,Erysipelothrix
Otu898,Unclassified,NA,NA,NA,NA,
Otu899,Unclassified,NA,NA,NA,NA,
Otu900,Bacteria,Firmicutes,Bacilli,Lactobacillales,Lactobacillaceae,Limosilactobacillus
Otu901,Bacteria,Firmicutes,Clostridia,Christensenellales,Christensenellaceae,Christensenellaceae R-7 group
Otu902,Bacteria,Bacteroidota,Bacteroidia,Bacteroidales,Prevotellaceae,Alloprevotella
Otu903,Bacteria,Bacteroidota,Bacteroidia,Bacteroidales,NA,
Otu904,Bacteria,Bacteroidota,Bacteroidia,NA,NA,
Otu905,Unclassified,NA,NA,NA,NA,
Otu906,Bacteria,Bacteroidota,Bacteroidia,Bacteroidales,Barnesiellaceae,Barnesiella
Otu907,Unclassified,NA,NA,NA,NA,
Otu908,Unclassified,NA,NA,NA,NA,
Otu909,Unclassified,NA,NA,NA,NA,
Otu910,Unclassified,NA,NA,NA,NA,
Otu911,Unclassified,NA,NA,NA,NA,
Otu912,Bacteria,Firmicutes,Clostridia,NA,NA,
Otu913,Unclassified,NA,NA,NA,NA,
Otu914,Unclassified,NA,NA,NA,NA,
Otu915,Unclassified,NA,NA,NA,NA,
Otu916,Unclassified,NA,NA,NA,NA,
Otu917,Unclassified,NA,NA,NA,NA,
Otu918,Unclassified,NA,NA,NA,NA,
Otu919,Unclassified,NA,NA,NA,NA,
Otu920,Unclassified,NA,NA,NA,NA,
Otu921,Unclassified,NA,NA,NA,NA,
Otu922,Bacteria,Firmicutes,Clostridia,Lachnospirales,Lachnospiraceae,
Otu923,Unclassified,NA,NA,NA,NA,
Otu924,Unclassified,NA,NA,NA,NA,
Otu925,Bacteria,Firmicutes,Clostridia,Lachnospirales,Lachnospiraceae,
Otu926,Bacteria,Bacteroidota,Bacteroidia,Bacteroidales,Muribaculaceae,
Otu927,Unclassified,NA,NA,NA,NA,
Otu928,Unclassified,NA,NA,NA,NA,
Otu929,Unclassified,NA,NA,NA,NA,
Otu930,Bacteria,Firmicutes,Clostridia,Oscillospirales,UCG-010,
Otu931,Unclassified,NA,NA,NA,NA,
Otu932,Unclassified,NA,NA,NA,NA,
Otu933,Bacteria,Firmicutes,NA,NA,NA,
Otu934,Unclassified,NA,NA,NA,NA,
Otu935,Unclassified,NA,NA,NA,NA,
Otu936,Unclassified,NA,NA,NA,NA,
Otu937,Unclassified,NA,NA,NA,NA,
Otu938,Unclassified,NA,NA,NA,NA,
Otu939,Unclassified,NA,NA,NA,NA,
Otu940,Bacteria,Firmicutes,Clostridia,Oscillospirales,NA,
Otu941,Unclassified,NA,NA,NA,NA,
Otu942,Bacteria,Bacteroidota,Bacteroidia,Sphingobacteriales,Sphingobacteriaceae,
Otu943,Unclassified,NA,NA,NA,NA,
Otu944,Bacteria,Actinobacteriota,Actinobacteria,Corynebacteriales,Corynebacteriaceae,Corynebacterium
Otu945,Unclassified,NA,NA,NA,NA,
Otu946,Bacteria,Firmicutes,Clostridia,Oscillospirales,UCG-010,
Otu947,Unclassified,NA,NA,NA,NA,
Otu948,Bacteria,Firmicutes,Clostridia,Lachnospirales,Lachnospiraceae,Lachnospiraceae NC2004 group
Otu949,Unclassified,NA,NA,NA,NA,
Otu950,Unclassified,NA,NA,NA,NA,
Otu951,Unclassified,NA,NA,NA,NA,
Otu952,Bacteria,Actinobacteriota,Actinobacteria,Corynebacteriales,Corynebacteriaceae,
Otu953,Unclassified,NA,NA,NA,NA,
Otu954,Bacteria,Bacteroidota,Bacteroidia,Bacteroidales,Muribaculaceae,
Otu955,Unclassified,NA,NA,NA,NA,
Otu956,Bacteria,Firmicutes,Clostridia,Oscillospirales,[Eubacterium] coprostanoligenes group,
Otu957,Unclassified,NA,NA,NA,NA,
Otu958,Unclassified,NA,NA,NA,NA,
Otu959,Unclassified,NA,NA,NA,NA,
Otu960,Bacteria,Firmicutes,Clostridia,Oscillospirales,NA,
Otu961,Unclassified,NA,NA,NA,NA,
Otu962,Unclassified,NA,NA,NA,NA,
Otu963,Unclassified,NA,NA,NA,NA,
Otu964,Bacteria,Firmicutes,Clostridia,Christensenellales,Christensenellaceae,Christensenellaceae R-7 group
Otu965,Unclassified,NA,NA,NA,NA,
Otu966,Unclassified,NA,NA,NA,NA,
Otu967,Unclassified,NA,NA,NA,NA,
Otu968,Bacteria,NA,NA,NA,NA,
Otu969,Unclassified,NA,NA,NA,NA,
Otu970,Bacteria,Firmicutes,Clostridia,Oscillospirales,Ruminococcaceae,Candidatus Soleaferrea
Otu971,Unclassified,NA,NA,NA,NA,
Otu972,Unclassified,NA,NA,NA,NA,
Otu973,Bacteria,Proteobacteria,Alphaproteobacteria,Rickettsiales,Mitochondria,
Otu974,Bacteria,Bacteroidota,Bacteroidia,Bacteroidales,Prevotellaceae,Prevotella_7
Otu975,Unclassified,NA,NA,NA,NA,
Otu976,Bacteria,Bacteroidota,Bacteroidia,Bacteroidales,Marinifilaceae,Butyricimonas
Otu977,Bacteria,Firmicutes,Clostridia,Lachnospirales,Lachnospiraceae,Lachnospiraceae UCG-004
Otu978,Unclassified,NA,NA,NA,NA,
Otu979,Unclassified,NA,NA,NA,NA,
Otu980,Bacteria,Bacteroidota,Bacteroidia,Bacteroidales,NA,
Otu981,Bacteria,Firmicutes,Clostridia,Lachnospirales,Lachnospiraceae,uncultured
Otu982,Bacteria,Firmicutes,Bacilli,RF39,NA,
Otu983,Unclassified,NA,NA,NA,NA,
Otu984,Bacteria,Firmicutes,Incertae Sedis,DTU014,NA,
Otu985,Bacteria,Firmicutes,NA,NA,NA,
Otu986,Unclassified,NA,NA,NA,NA,
Otu987,Unclassified,NA,NA,NA,NA,
Otu988,Unclassified,NA,NA,NA,NA,
Otu989,Bacteria,Proteobacteria,Gammaproteobacteria,Burkholderiales,NA,
Otu990,Bacteria,Firmicutes,Clostridia,Lachnospirales,Defluviitaleaceae,Defluviitaleaceae UCG-011
Otu991,Unclassified,NA,NA,NA,NA,
Otu992,Unclassified,NA,NA,NA,NA,
Otu993,Unclassified,NA,NA,NA,NA,
Otu994,Bacteria,Firmicutes,Clostridia,Lachnospirales,Lachnospiraceae,
Otu995,Bacteria,Firmicutes,Clostridia,Eubacteriales,Eubacteriaceae,Eubacterium
Otu996,Bacteria,Bacteroidota,Bacteroidia,Bacteroidales,Prevotellaceae,Alloprevotella
Otu997,Bacteria,Firmicutes,Clostridia,Lachnospirales,Lachnospiraceae,
Otu998,Bacteria,Firmicutes,Clostridia,Clostridia UCG-014,NA,
Otu999,Unclassified,NA,NA,NA,NA,
Otu1000,Bacteria,Bacteroidota,Bacteroidia,Bacteroidales,Barnesiellaceae,Barnesiella